date,pid,price,regular,promo,label,until
2026-09-16,107096,3.59,3.79,1,-5%,
2026-09-16,153249,2.79,2.85,1,-2% · Prix cassé,
2026-09-16,272054,8.99,9.39,1,-4%,
2026-09-16,288093,2.79,3.79,1,-26%,
2026-09-16,288237,0.59,0.69,1,-14% · Prix cassé,
2026-09-16,288259,5.79,6.79,1,-15%,
2026-09-16,288279,7.49,7.99,1,-6%,
2026-09-16,288319,2.99,3.29,1,-9% · Prix cassé,
2026-09-16,288549,7.49,7.99,1,-6%,
2026-09-16,290039,2.99,3.39,1,-12%,
2026-09-16,290541,2.99,3.99,1,-25%,
2026-09-16,290606,7.79,7.85,1,-1%,
2026-09-16,306247,8.99,9.39,1,-4%,
2026-09-16,342718,0.45,0.50,1,-10%,
2026-09-16,443505,10.99,12.49,1,-12%,
2026-09-16,476946,2.39,2.49,1,-4%,
2026-09-16,509777,6.79,6.99,1,-3%,
2026-09-16,516148,3.49,3.85,1,-9%,
2026-09-16,550443,3.89,4.59,1,-15%,
2026-09-16,564228,6.69,8.69,1,-23%,
2026-09-16,597645,3.59,3.99,1,-10%,
2026-09-16,635148,1.09,1.19,1,-8%,
2026-09-16,669329,9.99,12.99,1,-23%,
2026-09-16,676041,9.84,9.89,1,-1%,
2026-09-16,682957,2.49,2.59,1,-4%,
2026-09-16,683108,1.49,1.99,1,-25% · Prix cassé,
2026-09-16,692737,3.69,3.85,1,-4%,
2026-09-16,696620,2.99,3.19,1,-6%,
2026-09-16,727081,0.99,1.14,1,-13%,
2026-09-16,748752,1.69,1.75,1,-3%,
2026-09-16,155741001,1.69,1.79,1,-6%,
2026-09-16,155741002,1.69,1.79,1,-6%,
2026-09-16,155741003,1.69,1.79,1,-6%,
2026-09-16,155797001,1.55,1.95,1,-21%,
2026-09-16,155797003,1.55,1.95,1,-21%,
2026-09-16,156292001,2.69,2.85,1,-6% · Prix cassé,
2026-09-16,156292002,2.69,2.85,1,-6% · Prix cassé,
2026-09-16,156292003,2.69,2.85,1,-6% · Prix cassé,
2026-09-16,192090001,2.75,2.85,1,-4%,
2026-09-16,192090002,2.75,2.85,1,-4%,
2026-09-16,192090003,2.75,2.85,1,-4%,
2026-09-16,200250002,3.79,3.99,1,-5%,
2026-09-16,200250003,3.79,3.99,1,-5%,
2026-09-16,200250007,3.79,3.99,1,-5%,
2026-09-16,200250010,3.79,3.99,1,-5%,
2026-09-16,200250011,3.79,3.99,1,-5%,
2026-09-16,203715002,3.25,3.59,1,-9%,
2026-09-16,203715003,3.25,3.59,1,-9%,
2026-09-16,271052001,2.45,2.69,1,-9%,
2026-09-16,271052002,2.45,2.69,1,-9%,
2026-09-16,288546001,3.29,3.35,1,-2%,
2026-09-16,290567001,3.59,3.99,1,-10%,
2026-09-16,331216001,0.99,1.99,1,-50%,
2026-09-16,331216002,0.99,1.99,1,-50%,
2026-09-16,445009001,3.29,3.39,1,-3%,
2026-09-16,445009003,3.29,3.39,1,-3%,
2026-09-16,484801001,2.89,3.09,1,-6% · Prix cassé,
2026-09-16,484801002,2.89,3.09,1,-6% · Prix cassé,
2026-09-16,484801003,2.89,3.09,1,-6% · Prix cassé,
2026-09-16,497132001,0.69,0.99,1,-30%,
2026-09-16,497132002,0.69,0.99,1,-30%,
2026-09-16,497132003,0.69,0.99,1,-30%,
2026-09-16,497132004,0.69,0.99,1,-30%,
2026-09-16,524158001,2.35,2.59,1,-9% · Prix cassé,
2026-09-16,524158002,2.35,2.59,1,-9% · Prix cassé,
2026-09-16,539671001,3.15,3.49,1,-10% · Prix cassé,
2026-09-16,547549001,1.49,1.59,1,-6%,
2026-09-16,547549002,1.49,1.59,1,-6%,
2026-09-16,547549004,1.49,1.59,1,-6%,
2026-09-16,547549006,1.49,1.59,1,-6%,
2026-09-16,547549007,1.49,1.59,1,-6%,
2026-09-16,547549008,1.49,1.59,1,-6%,
2026-09-16,547809001,1.55,1.79,1,-13% · Prix cassé,
2026-09-16,547809003,1.55,1.79,1,-13% · Prix cassé,
2026-09-16,562765001,1.75,1.89,1,-7% · Prix cassé,
2026-09-16,562765002,1.75,1.89,1,-7% · Prix cassé,
2026-09-16,593300001,1.99,2.29,1,-13%,
2026-09-16,593300002,1.99,2.29,1,-13%,
2026-09-16,593300003,1.99,2.29,1,-13%,
2026-09-16,618600001,1.15,1.25,1,-8% · Prix cassé,
2026-09-16,618600002,1.15,1.25,1,-8% · Prix cassé,
2026-09-16,628652001,1.99,2.29,1,-13% · Prix cassé,
2026-09-16,628652003,1.99,2.29,1,-13% · Prix cassé,
2026-09-16,633629001,2.99,3.39,1,-12%,
2026-09-16,633629002,2.99,3.39,1,-12%,
2026-09-16,639766001,4.99,5.69,1,-12% · Prix cassé,
2026-09-16,639766002,4.99,5.69,1,-12% · Prix cassé,
2026-09-16,639766003,4.99,5.69,1,-12% · Prix cassé,
2026-09-16,639820001,1.99,2.52,1,-21%,
2026-09-16,639820002,1.99,2.52,1,-21%,
2026-09-16,673573001,1.59,1.99,1,-20% · Prix cassé,
2026-09-16,673573002,1.59,1.99,1,-20% · Prix cassé,
2026-09-16,673573003,1.59,1.99,1,-20% · Prix cassé,
2026-09-16,673573004,1.59,1.99,1,-20% · Prix cassé,
2026-09-16,684239001,4.99,6.29,1,-21%,
2026-09-16,684239002,4.99,6.29,1,-21%,
2026-09-16,684239003,4.99,6.29,1,-21%,
2026-09-16,695711001,3.75,4.19,1,-11%,
2026-09-16,695711002,3.75,4.19,1,-11%,
2026-09-16,710763001,1.99,2.79,1,-29%,
2026-09-16,710763002,1.99,2.79,1,-29%,
2026-09-16,710763003,1.99,2.79,1,-29%,
2026-09-16,712595001,1.69,1.79,1,-6%,
2026-09-16,712595002,1.69,1.79,1,-6%,
2026-09-16,712595003,1.69,1.79,1,-6%,
2026-09-16,715394001,1.99,2.29,1,-13%,
2026-09-16,715394002,1.99,2.29,1,-13%,
2026-09-16,726620001,0.79,0.99,1,-20%,
2026-09-16,726620002,0.79,0.99,1,-20%,
2026-09-16,726620003,0.79,0.99,1,-20%,
2026-09-16,734807,2.99,3.99,1,-25%,
2026-09-16,736043001,3.49,3.89,1,-10%,
2026-09-16,736043002,3.49,3.89,1,-10%,
2026-09-16,100049,1.99,1.99,0,,
2026-09-16,100919,0.51,0.51,0,,
2026-09-16,101698,1.99,1.99,0,,
2026-09-16,106889,1.99,1.99,0,,
2026-09-16,106901,2.49,2.49,0,,
2026-09-16,106908,3.79,3.79,0,,
2026-09-16,106968,1.55,1.55,0,,
2026-09-16,107095,3.79,3.79,0,,
2026-09-16,107109,5.49,5.49,0,,
2026-09-16,107223,4.95,4.95,0,,
2026-09-16,107458,3.99,3.99,0,,
2026-09-16,107464,2.29,2.29,0,,
2026-09-16,108190,1.99,1.99,0,,
2026-09-16,108551,1.99,1.99,0,,
2026-09-16,108628,0.59,0.59,0,,
2026-09-16,108661,4.25,4.25,0,,
2026-09-16,108993,3.39,3.39,0,,
2026-09-16,108995,3.39,3.39,0,,
2026-09-16,109093,5.99,5.99,0,,
2026-09-16,109585,1.29,1.29,0,,
2026-09-16,109770,2.59,2.59,0,,
2026-09-16,110427,1.29,1.29,0,,
2026-09-16,110477,3.29,3.29,0,,
2026-09-16,152944,0.79,0.79,0,,
2026-09-16,152945,0.79,0.79,0,,
2026-09-16,153097,3.49,3.49,0,,
2026-09-16,153150,12.55,12.55,0,,
2026-09-16,153163,3.19,3.19,0,,
2026-09-16,153164,3.99,3.99,0,,
2026-09-16,153165,3.95,3.95,0,,
2026-09-16,153168,4.45,4.45,0,,
2026-09-16,153169,2.95,2.95,0,,
2026-09-16,153170,1.49,1.49,0,,
2026-09-16,153268,1.75,1.75,0,,
2026-09-16,153344,4.39,4.39,0,,
2026-09-16,153355,9.95,9.95,0,,
2026-09-16,153673,1.09,1.09,0,,
2026-09-16,153753,4.99,4.99,0,,
2026-09-16,153814,13.95,13.95,0,,
2026-09-16,153919,0.99,0.99,0,,
2026-09-16,153920,0.99,0.99,0,,
2026-09-16,154692,1.19,1.19,0,,
2026-09-16,154730,3.25,3.25,0,,
2026-09-16,154805,13.99,13.99,0,,
2026-09-16,154920,9.49,9.49,0,,
2026-09-16,154926,7.49,7.49,0,,
2026-09-16,155029,7.99,7.99,0,,
2026-09-16,155064,4.49,4.49,0,,
2026-09-16,155164,4.99,4.99,0,,
2026-09-16,155538,3.65,3.65,0,,
2026-09-16,155625,0.99,0.99,0,,
2026-09-16,155631,0.65,0.65,0,,
2026-09-16,155664,4.89,4.89,0,,
2026-09-16,155667,3.39,3.39,0,,
2026-09-16,170909,6.29,6.29,0,,
2026-09-16,172733,7.79,7.79,0,,
2026-09-16,173632,7.95,7.95,0,,
2026-09-16,174128,1.49,1.49,0,,
2026-09-16,174603,6.99,6.99,0,,
2026-09-16,174758,6.99,6.99,0,,
2026-09-16,175297,1.85,1.85,0,,
2026-09-16,175300,2.19,2.19,0,,
2026-09-16,177170,6.99,6.99,0,,
2026-09-16,177854,2.89,2.89,0,,
2026-09-16,179484,1.55,1.55,0,,
2026-09-16,180260,1.69,1.69,0,,
2026-09-16,180302,1.49,1.49,0,,
2026-09-16,180865,3.99,3.99,0,,
2026-09-16,181371,8.49,8.49,0,,
2026-09-16,181902,8.99,8.99,0,,
2026-09-16,182075,17.90,17.90,0,,
2026-09-16,182124,1.19,1.19,0,,
2026-09-16,182172,1.19,1.19,0,,
2026-09-16,182295,1.19,1.19,0,,
2026-09-16,182568,7.99,7.99,0,,
2026-09-16,182589,11.89,11.89,0,,
2026-09-16,182603,3.95,3.95,0,,
2026-09-16,182719,2.99,2.99,0,,
2026-09-16,182727,3.15,3.15,0,,
2026-09-16,182804,4.99,4.99,0,,
2026-09-16,183016,7.99,7.99,0,,
2026-09-16,186886,2.99,2.99,0,,
2026-09-16,186912,0.75,0.75,0,,
2026-09-16,187048,2.49,2.49,0,,
2026-09-16,187113,0.75,0.75,0,,
2026-09-16,187151,1.55,1.55,0,,
2026-09-16,187441,0.72,0.72,0,,
2026-09-16,187492,2.49,2.49,0,,
2026-09-16,187699,1.79,1.79,0,,
2026-09-16,188682,1.19,1.19,0,,
2026-09-16,191192,2.95,2.95,0,,
2026-09-16,191385,5.95,5.95,0,,
2026-09-16,191626,3.59,3.59,0,,
2026-09-16,191673,11.59,11.59,0,,
2026-09-16,192129,1.39,1.39,0,,
2026-09-16,192131,0.95,0.95,0,,
2026-09-16,193905,0.79,0.79,0,,
2026-09-16,193906,3.15,3.15,0,,
2026-09-16,194341,0.55,0.55,0,,
2026-09-16,199241,8.49,8.49,0,,
2026-09-16,199337,3.99,3.99,0,,
2026-09-16,199784,2.99,2.99,0,,
2026-09-16,200107,6.99,6.99,0,,
2026-09-16,200178,7.99,7.99,0,,
2026-09-16,200518,3.75,3.75,0,,
2026-09-16,200663,2.89,2.89,0,,
2026-09-16,200759,2.85,2.85,0,,
2026-09-16,201106,1.15,1.15,0,,
2026-09-16,202064,3.12,3.12,0,,
2026-09-16,202753,2.05,2.05,0,,
2026-09-16,202962,3.49,3.49,0,,
2026-09-16,210693,8.99,8.99,0,,
2026-09-16,210784,3.99,3.99,0,,
2026-09-16,211074,1.79,1.79,0,,
2026-09-16,261192,8.99,8.99,0,,
2026-09-16,261240,7.39,7.39,0,,
2026-09-16,262748,3.99,3.99,0,,
2026-09-16,263006,18.99,18.99,0,,
2026-09-16,267461,9.69,9.69,0,,
2026-09-16,269051,2.45,2.45,0,,
2026-09-16,270640,5.99,5.99,0,,
2026-09-16,271448,2.29,2.29,0,,
2026-09-16,271754,3.99,3.99,0,,
2026-09-16,272312,7.99,7.99,0,,
2026-09-16,272314,3.49,3.49,0,,
2026-09-16,276280,4.20,4.20,0,,
2026-09-16,276454,6.59,6.59,0,,
2026-09-16,279506,6.39,6.39,0,,
2026-09-16,282271,4.89,4.89,0,,
2026-09-16,285689,3.99,3.99,0,,
2026-09-16,287819,1.08,1.08,0,,
2026-09-16,287831,1.33,1.33,0,,
2026-09-16,287843,6.49,6.49,0,,
2026-09-16,287844,6.39,6.39,0,,
2026-09-16,287853,7.39,7.39,0,,
2026-09-16,287854,5.99,5.99,0,,
2026-09-16,287855,17.90,17.90,0,,
2026-09-16,287867,11.95,11.95,0,,
2026-09-16,287868,19.99,19.99,0,,
2026-09-16,287879,9.39,9.39,0,,
2026-09-16,287880,7.95,7.95,0,,
2026-09-16,287884,3.55,3.55,0,,
2026-09-16,287894,5.99,5.99,0,,
2026-09-16,287895,2.99,2.99,0,,
2026-09-16,287899,2.99,2.99,0,,
2026-09-16,287906,1.45,1.45,0,,
2026-09-16,287911,5.99,5.99,0,,
2026-09-16,287915,4.39,4.39,0,,
2026-09-16,287918,2.19,2.19,0,,
2026-09-16,287926,5.99,5.99,0,,
2026-09-16,287943,44.90,44.90,0,,
2026-09-16,287945,29.90,29.90,0,,
2026-09-16,287967,12.49,12.49,0,,
2026-09-16,287979,0.29,0.29,0,,
2026-09-16,287995,0.25,0.25,0,,
2026-09-16,287996,13.99,13.99,0,,
2026-09-16,287999,28.90,28.90,0,,
2026-09-16,288001,3.69,3.69,0,,
2026-09-16,288006,3.55,3.55,0,,
2026-09-16,288008,3.79,3.79,0,,
2026-09-16,288054,0.67,0.67,0,,
2026-09-16,288071,19.89,19.89,0,,
2026-09-16,288076,10.99,10.99,0,,
2026-09-16,288082,49.90,49.90,0,,
2026-09-16,288085,1.99,1.99,0,,
2026-09-16,288087,3.69,3.69,0,,
2026-09-16,288096,4.95,4.95,0,,
2026-09-16,288107,2.75,2.75,0,,
2026-09-16,288122,7.25,7.25,0,,
2026-09-16,288133,2.79,2.79,0,,
2026-09-16,288149,7.99,7.99,0,,
2026-09-16,288164,15.49,15.49,0,,
2026-09-16,288166,0.65,0.65,0,,
2026-09-16,288168,3.39,3.39,0,,
2026-09-16,288174,12.95,12.95,0,,
2026-09-16,288177,4.49,4.49,0,,
2026-09-16,288214,4.99,4.99,0,,
2026-09-16,288216,0.85,0.85,0,,
2026-09-16,288218,3.29,3.29,0,,
2026-09-16,288229,1.79,1.79,0,,
2026-09-16,288231,1.15,1.15,0,,
2026-09-16,288232,1.25,1.25,0,,
2026-09-16,288238,1.99,1.99,0,,
2026-09-16,288244,6.99,6.99,0,,
2026-09-16,288250,0.79,0.79,0,,
2026-09-16,288278,5.99,5.99,0,,
2026-09-16,288294,10.99,10.99,0,,
2026-09-16,288313,3.69,3.69,0,,
2026-09-16,288314,2.89,2.89,0,,
2026-09-16,288327,13.89,13.89,0,,
2026-09-16,288345,13.49,13.49,0,,
2026-09-16,288366,0.99,0.99,0,,
2026-09-16,288374,5.85,5.85,0,,
2026-09-16,288375,4.79,4.79,0,,
2026-09-16,288387,7.99,7.99,0,,
2026-09-16,288388,10.95,10.95,0,,
2026-09-16,288396,3.79,3.79,0,,
2026-09-16,288401,5.99,5.99,0,,
2026-09-16,288405,7.99,7.99,0,,
2026-09-16,288415,3.85,3.85,0,,
2026-09-16,288439,1.15,1.15,0,,
2026-09-16,288440,0.79,0.79,0,,
2026-09-16,288441,1.05,1.05,0,,
2026-09-16,288443,0.99,0.99,0,,
2026-09-16,288444,1.29,1.29,0,,
2026-09-16,288451,5.79,5.79,0,,
2026-09-16,288457,12.89,12.89,0,,
2026-09-16,288462,6.99,6.99,0,,
2026-09-16,288463,4.99,4.99,0,,
2026-09-16,288464,11.69,11.69,0,,
2026-09-16,288465,5.99,5.99,0,,
2026-09-16,288469,1.69,1.69,0,,
2026-09-16,288479,10.99,10.99,0,,
2026-09-16,288482,8.99,8.99,0,,
2026-09-16,288485,3.99,3.99,0,,
2026-09-16,288492,3.59,3.59,0,,
2026-09-16,288502,7.49,7.49,0,,
2026-09-16,288503,5.90,5.90,0,,
2026-09-16,288504,10.45,10.45,0,,
2026-09-16,288506,2.89,2.89,0,,
2026-09-16,288509,0.69,0.69,0,,
2026-09-16,288512,14.89,14.89,0,,
2026-09-16,288523,5.49,5.49,0,,
2026-09-16,288540,7.99,7.99,0,,
2026-09-16,288541,7.79,7.79,0,,
2026-09-16,288543,0.25,0.25,0,,
2026-09-16,288550,6.25,6.25,0,,
2026-09-16,288551,1.45,1.45,0,,
2026-09-16,288565,2.09,2.09,0,,
2026-09-16,288568,5.65,5.65,0,,
2026-09-16,288575,2.99,2.99,0,,
2026-09-16,288589,1.15,1.15,0,,
2026-09-16,288603,3.99,3.99,0,,
2026-09-16,288624,64.90,64.90,0,,
2026-09-16,288637,4.19,4.19,0,,
2026-09-16,288662,15.90,15.90,0,,
2026-09-16,288663,14.90,14.90,0,,
2026-09-16,288664,15.90,15.90,0,,
2026-09-16,288733,2.99,2.99,0,,
2026-09-16,288743,16.90,16.90,0,,
2026-09-16,288758,5.99,5.99,0,,
2026-09-16,288773,6.59,6.59,0,,
2026-09-16,288780,0.95,0.95,0,,
2026-09-16,288792,2.49,2.49,0,,
2026-09-16,288834,1.99,1.99,0,,
2026-09-16,288902,3.85,3.85,0,,
2026-09-16,288922,2.59,2.59,0,,
2026-09-16,289003,5.99,5.99,0,,
2026-09-16,289049,9.99,9.99,0,,
2026-09-16,289127,3.79,3.79,0,,
2026-09-16,289135,5.99,5.99,0,,
2026-09-16,289142,8.89,8.89,0,,
2026-09-16,289186,3.79,3.79,0,,
2026-09-16,289189,2.25,2.25,0,,
2026-09-16,289190,2.29,2.29,0,,
2026-09-16,289191,1.79,1.79,0,,
2026-09-16,289198,4.79,4.79,0,,
2026-09-16,289217,4.99,4.99,0,,
2026-09-16,289218,4.99,4.99,0,,
2026-09-16,289229,2.39,2.39,0,,
2026-09-16,289277,1.55,1.55,0,,
2026-09-16,289300,0.79,0.79,0,,
2026-09-16,289344,5.99,5.99,0,,
2026-09-16,289346,2.39,2.39,0,,
2026-09-16,289413,9.99,9.99,0,,
2026-09-16,289455,2.65,2.65,0,,
2026-09-16,289508,1.15,1.15,0,,
2026-09-16,289527,3.19,3.19,0,,
2026-09-16,289564,23.90,23.90,0,,
2026-09-16,289567,2.79,2.79,0,,
2026-09-16,289695,4.45,4.45,0,,
2026-09-16,289701,0.87,0.87,0,,
2026-09-16,289719,23.95,23.95,0,,
2026-09-16,289725,1.99,1.99,0,,
2026-09-16,289836,3.99,3.99,0,,
2026-09-16,289840,1.99,1.99,0,,
2026-09-16,289880,0.69,0.69,0,,
2026-09-16,289908,1.29,1.29,0,,
2026-09-16,289941,2.25,2.25,0,,
2026-09-16,290005,1.05,1.05,0,,
2026-09-16,290033,3.49,3.49,0,,
2026-09-16,290066,2.59,2.59,0,,
2026-09-16,290101,2.45,2.45,0,,
2026-09-16,290139,6.49,6.49,0,,
2026-09-16,290141,5.99,5.99,0,,
2026-09-16,290142,2.89,2.89,0,,
2026-09-16,290155,11.49,11.49,0,,
2026-09-16,290180,0.81,0.81,0,,
2026-09-16,290198,2.99,2.99,0,,
2026-09-16,290200,1.79,1.79,0,,
2026-09-16,290203,2.99,2.99,0,,
2026-09-16,290210,3.29,3.29,0,,
2026-09-16,290238,8.99,8.99,0,,
2026-09-16,290274,0.83,0.83,0,,
2026-09-16,290288,3.39,3.39,0,,
2026-09-16,290350,2.95,2.95,0,,
2026-09-16,290380,5.99,5.99,0,,
2026-09-16,290392,0.79,0.79,0,,
2026-09-16,290394,8.99,8.99,0,,
2026-09-16,290424,5.59,5.59,0,,
2026-09-16,290425,5.19,5.19,0,,
2026-09-16,290456,44.90,44.90,0,,
2026-09-16,290460,7.59,7.59,0,,
2026-09-16,290461,21.90,21.90,0,,
2026-09-16,290464,6.79,6.79,0,,
2026-09-16,290465,6.35,6.35,0,,
2026-09-16,290477,2.69,2.69,0,,
2026-09-16,290478,2.69,2.69,0,,
2026-09-16,290480,4.19,4.19,0,,
2026-09-16,290503,5.49,5.49,0,,
2026-09-16,290581,6.89,6.89,0,,
2026-09-16,290598,7.95,7.95,0,,
2026-09-16,290621,4.75,4.75,0,,
2026-09-16,290628,5.89,5.89,0,,
2026-09-16,290638,38.90,38.90,0,,
2026-09-16,294323,7.99,7.99,0,,
2026-09-16,294339,2.19,2.19,0,,
2026-09-16,294340,5.95,5.95,0,,
2026-09-16,294370,4.45,4.45,0,,
2026-09-16,294408,3.99,3.99,0,,
2026-09-16,294446,19.89,19.89,0,,
2026-09-16,294469,1.49,1.49,0,,
2026-09-16,294500,2.99,2.99,0,,
2026-09-16,294827,0.69,0.69,0,,
2026-09-16,298465,4.89,4.89,0,,
2026-09-16,299089,2.59,2.59,0,,
2026-09-16,300115,0.39,0.39,0,,
2026-09-16,300860,1.95,1.95,0,,
2026-09-16,304107,4.79,4.79,0,,
2026-09-16,305759,1.35,1.35,0,,
2026-09-16,306043,6.95,6.95,0,,
2026-09-16,306937,2.75,2.75,0,,
2026-09-16,307561,0.49,0.49,0,,
2026-09-16,309002,2.69,2.69,0,,
2026-09-16,309165,2.95,2.95,0,,
2026-09-16,309956,9.99,9.99,0,,
2026-09-16,318319,1.95,1.95,0,,
2026-09-16,318593,2.39,2.39,0,,
2026-09-16,318954,8.95,8.95,0,,
2026-09-16,319370,3.29,3.29,0,,
2026-09-16,319372,1.29,1.29,0,,
2026-09-16,319375,1.29,1.29,0,,
2026-09-16,319397,0.99,0.99,0,,
2026-09-16,319555,1.95,1.95,0,,
2026-09-16,319597,4.89,4.89,0,,
2026-09-16,319612,1.85,1.85,0,,
2026-09-16,319710,4.35,4.35,0,,
2026-09-16,321335,15.69,15.69,0,,
2026-09-16,329372,0.98,0.98,0,,
2026-09-16,330510,7.85,7.85,0,,
2026-09-16,330921,3.99,3.99,0,,
2026-09-16,331161,2.29,2.29,0,,
2026-09-16,332136,1.99,1.99,0,,
2026-09-16,332448,6.99,6.99,0,,
2026-09-16,333042,6.49,6.49,0,,
2026-09-16,333254,1.99,1.99,0,,
2026-09-16,334052,1.69,1.69,0,,
2026-09-16,334599,3.55,3.55,0,,
2026-09-16,334957,4.95,4.95,0,,
2026-09-16,335175,4.99,4.99,0,,
2026-09-16,341240,9.64,9.64,0,,
2026-09-16,341593,5.49,5.49,0,,
2026-09-16,358243,4.29,4.29,0,,
2026-09-16,358287,0.99,0.99,0,,
2026-09-16,381376,9.99,9.99,0,,
2026-09-16,397899,2.59,2.59,0,,
2026-09-16,415711,1.99,1.99,0,,
2026-09-16,443598,9.49,9.49,0,,
2026-09-16,443627,10.99,10.99,0,,
2026-09-16,444402,6.99,6.99,0,,
2026-09-16,444550,5.19,5.19,0,,
2026-09-16,445523,1.79,1.79,0,,
2026-09-16,447046,8.99,8.99,0,,
2026-09-16,447082,2.25,2.25,0,,
2026-09-16,450902,5.99,5.99,0,,
2026-09-16,453474,36.90,36.90,0,,
2026-09-16,454824,3.85,3.85,0,,
2026-09-16,455331,4.79,4.79,0,,
2026-09-16,455630,3.99,3.99,0,,
2026-09-16,455636,6.29,6.29,0,,
2026-09-16,455645,6.79,6.79,0,,
2026-09-16,456728,26.90,26.90,0,,
2026-09-16,457457,7.99,7.99,0,,
2026-09-16,463607,2.09,2.09,0,,
2026-09-16,464699,23.20,23.20,0,,
2026-09-16,466419,0.99,0.99,0,,
2026-09-16,466581,3.99,3.99,0,,
2026-09-16,466805,2.59,2.59,0,,
2026-09-16,471036,4.45,4.45,0,,
2026-09-16,474105,8.99,8.99,0,,
2026-09-16,474483,7.95,7.95,0,,
2026-09-16,475232,3.29,3.29,0,,
2026-09-16,475322,3.29,3.29,0,,
2026-09-16,478134,7.49,7.49,0,,
2026-09-16,478138,13.99,13.99,0,,
2026-09-16,478162,0.89,0.89,0,,
2026-09-16,478208,12.49,12.49,0,,
2026-09-16,479352,12.99,12.99,0,,
2026-09-16,480085,0.99,0.99,0,,
2026-09-16,480159,0.99,0.99,0,,
2026-09-16,480646,11.59,11.59,0,,
2026-09-16,481476,1.79,1.79,0,,
2026-09-16,482145,2.89,2.89,0,,
2026-09-16,482498,6.99,6.99,0,,
2026-09-16,483800,9.99,9.99,0,,
2026-09-16,483875,0.79,0.79,0,,
2026-09-16,484618,14.48,14.48,0,,
2026-09-16,485333,1.19,1.19,0,,
2026-09-16,485994,2.99,2.99,0,,
2026-09-16,486131,1.65,1.65,0,,
2026-09-16,486865,3.85,3.85,0,,
2026-09-16,487280,8.89,8.89,0,,
2026-09-16,487506,1.35,1.35,0,,
2026-09-16,487613,3.15,3.15,0,,
2026-09-16,488092,3.29,3.29,0,,
2026-09-16,488688,2.99,2.99,0,,
2026-09-16,488799,1.79,1.79,0,,
2026-09-16,489000,1.35,1.35,0,,
2026-09-16,489055,1.99,1.99,0,,
2026-09-16,490297,2.79,2.79,0,,
2026-09-16,490764,3.75,3.75,0,,
2026-09-16,492669,1.95,1.95,0,,
2026-09-16,496381,5.89,5.89,0,,
2026-09-16,497040,3.55,3.55,0,,
2026-09-16,497624,0.99,0.99,0,,
2026-09-16,497695,0.95,0.95,0,,
2026-09-16,497871,3.29,3.29,0,,
2026-09-16,498288,2.69,2.69,0,,
2026-09-16,498448,6.39,6.39,0,,
2026-09-16,498514,5.99,5.99,0,,
2026-09-16,501461,3.15,3.15,0,,
2026-09-16,501739,6.49,6.49,0,,
2026-09-16,501888,2.49,2.49,0,,
2026-09-16,502106,3.49,3.49,0,,
2026-09-16,504110,1.59,1.59,0,,
2026-09-16,506639,2.29,2.29,0,,
2026-09-16,507488,1.75,1.75,0,,
2026-09-16,507626,1.38,1.38,0,,
2026-09-16,509833,1.99,1.99,0,,
2026-09-16,510694,4.39,4.39,0,,
2026-09-16,510949,1.99,1.99,0,,
2026-09-16,511106,3.95,3.95,0,,
2026-09-16,511918,1.55,1.55,0,,
2026-09-16,513049,1.15,1.15,0,,
2026-09-16,514032,9.45,9.45,0,,
2026-09-16,514191,3.59,3.59,0,,
2026-09-16,519217,1.79,1.79,0,,
2026-09-16,519613,2.59,2.59,0,,
2026-09-16,520406,2.59,2.59,0,,
2026-09-16,521952,3.49,3.49,0,,
2026-09-16,522422,2.49,2.49,0,,
2026-09-16,522663,6.49,6.49,0,,
2026-09-16,522684,6.99,6.99,0,,
2026-09-16,524984,0.69,0.69,0,,
2026-09-16,525709,1.85,1.85,0,,
2026-09-16,527094,4.99,4.99,0,,
2026-09-16,527234,1.35,1.35,0,,
2026-09-16,528455,0.79,0.79,0,,
2026-09-16,530654,1.19,1.19,0,,
2026-09-16,530945,32.70,32.70,0,,
2026-09-16,535101,2.75,2.75,0,,
2026-09-16,535597,1.62,1.62,0,,
2026-09-16,536720,2.95,2.95,0,,
2026-09-16,537053,1.65,1.65,0,,
2026-09-16,540954,5.49,5.49,0,,
2026-09-16,541074,2.69,2.69,0,,
2026-09-16,543522,4.45,4.45,0,,
2026-09-16,543724,2.89,2.89,0,,
2026-09-16,544297,1.99,1.99,0,,
2026-09-16,544617,1.25,1.25,0,,
2026-09-16,545952,4.39,4.39,0,,
2026-09-16,547811,9.99,9.99,0,,
2026-09-16,548037,13.99,13.99,0,,
2026-09-16,548127,4.79,4.79,0,,
2026-09-16,548370,1.49,1.49,0,,
2026-09-16,550101,6.09,6.09,0,,
2026-09-16,550236,3.95,3.95,0,,
2026-09-16,550241,3.95,3.95,0,,
2026-09-16,550273,3.95,3.95,0,,
2026-09-16,550280,3.95,3.95,0,,
2026-09-16,550664,0.45,0.45,0,,
2026-09-16,550694,0.45,0.45,0,,
2026-09-16,550726,8.99,8.99,0,,
2026-09-16,550859,5.19,5.19,0,,
2026-09-16,552327,0.45,0.45,0,,
2026-09-16,552911,0.99,0.99,0,,
2026-09-16,553217,3.48,3.48,0,,
2026-09-16,553316,5.99,5.99,0,,
2026-09-16,556941,3.95,3.95,0,,
2026-09-16,557147,5.99,5.99,0,,
2026-09-16,558922,1.95,1.95,0,,
2026-09-16,560486,1.89,1.89,0,,
2026-09-16,561456,1.99,1.99,0,,
2026-09-16,561656,4.95,4.95,0,,
2026-09-16,563634,1.05,1.05,0,,
2026-09-16,563781,2.65,2.65,0,,
2026-09-16,566916,3.15,3.15,0,,
2026-09-16,567058,4.99,4.99,0,,
2026-09-16,567323,1.99,1.99,0,,
2026-09-16,568606,9.45,9.45,0,,
2026-09-16,573927,2.79,2.79,0,,
2026-09-16,574013,3.49,3.49,0,,
2026-09-16,575389,1.55,1.55,0,,
2026-09-16,575818,4.99,4.99,0,,
2026-09-16,576072,5.49,5.49,0,,
2026-09-16,576210,1.99,1.99,0,,
2026-09-16,578228,1.79,1.79,0,,
2026-09-16,578237,1.99,1.99,0,,
2026-09-16,578243,1.35,1.35,0,,
2026-09-16,578859,6.49,6.49,0,,
2026-09-16,580022,2.65,2.65,0,,
2026-09-16,581002,1.58,1.58,0,,
2026-09-16,581120,0.65,0.65,0,,
2026-09-16,581159,0.65,0.65,0,,
2026-09-16,581397,2.69,2.69,0,,
2026-09-16,581462,2.69,2.69,0,,
2026-09-16,582696,7.99,7.99,0,,
2026-09-16,582723,7.99,7.99,0,,
2026-09-16,584886,2.79,2.79,0,,
2026-09-16,585178,3.29,3.29,0,,
2026-09-16,586746,3.49,3.49,0,,
2026-09-16,586782,1.15,1.15,0,,
2026-09-16,587260,1.08,1.08,0,,
2026-09-16,588731,0.65,0.65,0,,
2026-09-16,588845,3.99,3.99,0,,
2026-09-16,589368,4.95,4.95,0,,
2026-09-16,590119,6.99,6.99,0,,
2026-09-16,594021,2.79,2.79,0,,
2026-09-16,595991,3.95,3.95,0,,
2026-09-16,596601,0.99,0.99,0,,
2026-09-16,599636,0.99,0.99,0,,
2026-09-16,599873,0.39,0.39,0,,
2026-09-16,599876,0.39,0.39,0,,
2026-09-16,599922,0.79,0.79,0,,
2026-09-16,603193,4.75,4.75,0,,
2026-09-16,603543,8.55,8.55,0,,
2026-09-16,604122,9.49,9.49,0,,
2026-09-16,605794,29.90,29.90,0,,
2026-09-16,606419,0.65,0.65,0,,
2026-09-16,607047,3.49,3.49,0,,
2026-09-16,612859,2.99,2.99,0,,
2026-09-16,613578,7.95,7.95,0,,
2026-09-16,614357,1.95,1.95,0,,
2026-09-16,615118,3.99,3.99,0,,
2026-09-16,615890,2.15,2.15,0,,
2026-09-16,616489,4.59,4.59,0,,
2026-09-16,616562,2.59,2.59,0,,
2026-09-16,617847,1.19,1.19,0,,
2026-09-16,620156,4.39,4.39,0,,
2026-09-16,622285,49.90,49.90,0,,
2026-09-16,622583,0.79,0.79,0,,
2026-09-16,625021,6.49,6.49,0,,
2026-09-16,625269,1.12,1.12,0,,
2026-09-16,625884,1.55,1.55,0,,
2026-09-16,626767,3.59,3.59,0,,
2026-09-16,627066,8.45,8.45,0,,
2026-09-16,628053,2.29,2.29,0,,
2026-09-16,628171,6.99,6.99,0,,
2026-09-16,629270,14.99,14.99,0,,
2026-09-16,629296,1.59,1.59,0,,
2026-09-16,629308,1.59,1.59,0,,
2026-09-16,631370,15.99,15.99,0,,
2026-09-16,631900,0.85,0.85,0,,
2026-09-16,632312,13.39,13.39,0,,
2026-09-16,634052,3.35,3.35,0,,
2026-09-16,634704,1.95,1.95,0,,
2026-09-16,635292,7.99,7.99,0,,
2026-09-16,635296,7.99,7.99,0,,
2026-09-16,635479,7.45,7.45,0,,
2026-09-16,635511,1.49,1.49,0,,
2026-09-16,636012,3.99,3.99,0,,
2026-09-16,636493,3.49,3.49,0,,
2026-09-16,641441,5.79,5.79,0,,
2026-09-16,643169,1.59,1.59,0,,
2026-09-16,644729,11.99,11.99,0,,
2026-09-16,645301,6.99,6.99,0,,
2026-09-16,645605,0.99,0.99,0,,
2026-09-16,645768,4.65,4.65,0,,
2026-09-16,646325,0.29,0.29,0,,
2026-09-16,647084,2.55,2.55,0,,
2026-09-16,647088,0.99,0.99,0,,
2026-09-16,647831,5.95,5.95,0,,
2026-09-16,648553,3.99,3.99,0,,
2026-09-16,649325,1.49,1.49,0,,
2026-09-16,649385,1.95,1.95,0,,
2026-09-16,649414,1.19,1.19,0,,
2026-09-16,650672,6.99,6.99,0,,
2026-09-16,650725,2.99,2.99,0,,
2026-09-16,651348,2.75,2.75,0,,
2026-09-16,651487,2.75,2.75,0,,
2026-09-16,651977,4.79,4.79,0,,
2026-09-16,653952,3.99,3.99,0,,
2026-09-16,656529,9.95,9.95,0,,
2026-09-16,656976,4.99,4.99,0,,
2026-09-16,657423,2.29,2.29,0,,
2026-09-16,658879,0.65,0.65,0,,
2026-09-16,659321,2.99,2.99,0,,
2026-09-16,660792,5.09,5.09,0,,
2026-09-16,662744,1.99,1.99,0,,
2026-09-16,665442,6.99,6.99,0,,
2026-09-16,665695,3.49,3.49,0,,
2026-09-16,666665,3.25,3.25,0,,
2026-09-16,668713,6.65,6.65,0,,
2026-09-16,669305,2.99,2.99,0,,
2026-09-16,669315,8.99,8.99,0,,
2026-09-16,669335,5.99,5.99,0,,
2026-09-16,670488,4.89,4.89,0,,
2026-09-16,670784,3.49,3.49,0,,
2026-09-16,671441,0.87,0.87,0,,
2026-09-16,671595,3.95,3.95,0,,
2026-09-16,674966,1.69,1.69,0,,
2026-09-16,676399,0.63,0.63,0,,
2026-09-16,676465,1.38,1.38,0,,
2026-09-16,677376,3.97,3.97,0,,
2026-09-16,677965,7.95,7.95,0,,
2026-09-16,678169,3.99,3.99,0,,
2026-09-16,678446,7.95,7.95,0,,
2026-09-16,679417,1.29,1.29,0,,
2026-09-16,679848,4.29,4.29,0,,
2026-09-16,681254,14.99,14.99,0,,
2026-09-16,681998,2.49,2.49,0,,
2026-09-16,682273,1.49,1.49,0,,
2026-09-16,683022,0.95,0.95,0,,
2026-09-16,688261,2.39,2.39,0,,
2026-09-16,692803,10.99,10.99,0,,
2026-09-16,693107,1.89,1.89,0,,
2026-09-16,693428,4.49,4.49,0,,
2026-09-16,693997,1.49,1.49,0,,
2026-09-16,697309,5.89,5.89,0,,
2026-09-16,697787,2.89,2.89,0,,
2026-09-16,698441,0.99,0.99,0,,
2026-09-16,699298,7.99,7.99,0,,
2026-09-16,701258,11.99,11.99,0,,
2026-09-16,701905,5.89,5.89,0,,
2026-09-16,703418,1.99,1.99,0,,
2026-09-16,706847,3.99,3.99,0,,
2026-09-16,706848,4.25,4.25,0,,
2026-09-16,708006,11.99,11.99,0,,
2026-09-16,708441,1.25,1.25,0,,
2026-09-16,709224,1.95,1.95,0,,
2026-09-16,709596,1.59,1.59,0,,
2026-09-16,711141,1.99,1.99,0,,
2026-09-16,711226,1.49,1.49,0,,
2026-09-16,711292,5.99,5.99,0,,
2026-09-16,712014,2.95,2.95,0,,
2026-09-16,712351,3.49,3.49,0,,
2026-09-16,712422,5.49,5.49,0,,
2026-09-16,712589,5.49,5.49,0,,
2026-09-16,712760,1.59,1.59,0,,
2026-09-16,713027,2.49,2.49,0,,
2026-09-16,713210,9.95,9.95,0,,
2026-09-16,713261,2.99,2.99,0,,
2026-09-16,714041,2.99,2.99,0,,
2026-09-16,715520,2.89,2.89,0,,
2026-09-16,715680,3.65,3.65,0,,
2026-09-16,715718,4.49,4.49,0,,
2026-09-16,715926,0.75,0.75,0,,
2026-09-16,716695,3.35,3.35,0,,
2026-09-16,718202,13.95,13.95,0,,
2026-09-16,719196,1.99,1.99,0,,
2026-09-16,719199,1.99,1.99,0,,
2026-09-16,719524,14.99,14.99,0,,
2026-09-16,719554,0.99,0.99,0,,
2026-09-16,719889,5.99,5.99,0,,
2026-09-16,720832,0.69,0.69,0,,
2026-09-16,725265,4.79,4.79,0,,
2026-09-16,725683,1.19,1.19,0,,
2026-09-16,725742,9.99,9.99,0,,
2026-09-16,726249,1.99,1.99,0,,
2026-09-16,726972,5.99,5.99,0,,
2026-09-16,727223,8.65,8.65,0,,
2026-09-16,727966,9.99,9.99,0,,
2026-09-16,728969,5.99,5.99,0,,
2026-09-16,729825,5.99,5.99,0,,
2026-09-16,730290,19.99,19.99,0,,
2026-09-16,730404,9.99,9.99,0,,
2026-09-16,730533,0.79,0.79,0,,
2026-09-16,730880,0.75,0.75,0,,
2026-09-16,730896,0.75,0.75,0,,
2026-09-16,732249,7.99,7.99,0,,
2026-09-16,732849,9.99,9.99,0,,
2026-09-16,733158,9.99,9.99,0,,
2026-09-16,733950,14.99,14.99,0,,
2026-09-16,734256,1.69,1.69,0,,
2026-09-16,734792,1.19,1.19,0,,
2026-09-16,735010,29.99,29.99,0,,
2026-09-16,735269,0.59,0.59,0,,
2026-09-16,735487,3.99,3.99,0,,
2026-09-16,735820,3.55,3.55,0,,
2026-09-16,735905,1.85,1.85,0,,
2026-09-16,742757,1.99,1.99,0,,
2026-09-16,743697,5.99,5.99,0,,
2026-09-16,744400,9.99,9.99,0,,
2026-09-16,744467,10.90,10.90,0,,
2026-09-16,744572,4.79,4.79,0,,
2026-09-16,744802,2.49,2.49,0,,
2026-09-16,745826,1.59,1.59,0,,
2026-09-16,746052,3.99,3.99,0,,
2026-09-16,746777,5.99,5.99,0,,
2026-09-16,746878,1.79,1.79,0,,
2026-09-16,746885,1.79,1.79,0,,
2026-09-16,749638,4.49,4.49,0,,
2026-09-16,749810,9.99,9.99,0,,
2026-09-16,751813,11.49,11.49,0,,
2026-09-16,752592,6.89,6.89,0,,
2026-09-16,753294,1.15,1.15,0,,
2026-09-16,754433,6.69,6.69,0,,
2026-09-16,756378,4.99,4.99,0,,
2026-09-16,756780,7.99,7.99,0,,
2026-09-16,756943,6.79,6.79,0,,
2026-09-16,757066,16.29,16.29,0,,
2026-09-16,757820,2.25,2.25,0,,
2026-09-16,758662,15.89,15.89,0,,
2026-09-16,759249,3.49,3.49,0,,
2026-09-16,759318,24.90,24.90,0,,
2026-09-16,760175,1.55,1.55,0,,
2026-09-16,760200,1.55,1.55,0,,
2026-09-16,763415,3.99,3.99,0,,
2026-09-16,764024,1.89,1.89,0,,
2026-09-16,764028,2.99,2.99,0,,
2026-09-16,764186,4.29,4.29,0,,
2026-09-16,767399,2.79,2.79,0,,
2026-09-16,767969,5.99,5.99,0,,
2026-09-16,768210,8.95,8.95,0,,
2026-09-16,768747,1.55,1.55,0,,
2026-09-16,768865,3.75,3.75,0,,
2026-09-16,771798,1.11,1.11,0,,
2026-09-16,773549,3.95,3.95,0,,
2026-09-16,774659,17.25,17.25,0,,
2026-09-16,774682,17.25,17.25,0,,
2026-09-16,778096,7.89,7.89,0,,
2026-09-16,778633,9.99,9.99,0,,
2026-09-16,100006001,4.39,4.39,0,,
2026-09-16,100006002,4.39,4.39,0,,
2026-09-16,100009001,4.79,4.79,0,,
2026-09-16,100009002,4.79,4.79,0,,
2026-09-16,100126001,4.99,4.99,0,,
2026-09-16,100126002,4.99,4.99,0,,
2026-09-16,100197001,6.45,6.45,0,,
2026-09-16,100197002,6.45,6.45,0,,
2026-09-16,100197004,6.45,6.45,0,,
2026-09-16,101968001,1.09,1.09,0,,
2026-09-16,101968002,1.09,1.09,0,,
2026-09-16,102080002,1.45,1.45,0,,
2026-09-16,102115001,1.49,1.49,0,,
2026-09-16,102684001,4.79,4.79,0,,
2026-09-16,102684002,4.79,4.79,0,,
2026-09-16,102684003,4.79,4.79,0,,
2026-09-16,102750002,1.89,1.89,0,,
2026-09-16,110593002,2.65,2.65,0,,
2026-09-16,110593003,2.65,2.65,0,,
2026-09-16,110697001,1.85,1.85,0,,
2026-09-16,110697002,1.85,1.85,0,,
2026-09-16,110697003,1.85,1.85,0,,
2026-09-16,110750001,2.69,2.69,0,,
2026-09-16,110750002,2.69,2.69,0,,
2026-09-16,110846001,3.49,3.49,0,,
2026-09-16,110846003,3.49,3.49,0,,
2026-09-16,110846005,3.49,3.49,0,,
2026-09-16,110850001,1.75,1.75,0,,
2026-09-16,110850002,1.75,1.75,0,,
2026-09-16,110850005,1.75,1.75,0,,
2026-09-16,110861001,0.99,0.99,0,,
2026-09-16,110861002,0.99,0.99,0,,
2026-09-16,110861003,0.99,0.99,0,,
2026-09-16,110861004,0.99,0.99,0,,
2026-09-16,110866001,0.69,0.69,0,,
2026-09-16,110866002,0.69,0.69,0,,
2026-09-16,110869001,0.59,0.59,0,,
2026-09-16,110869002,0.59,0.59,0,,
2026-09-16,110922002,1.15,1.15,0,,
2026-09-16,111016001,1.59,1.59,0,,
2026-09-16,111016003,1.59,1.59,0,,
2026-09-16,111016004,1.59,1.59,0,,
2026-09-16,111064001,1.25,1.25,0,,
2026-09-16,111064002,1.25,1.25,0,,
2026-09-16,111111002,1.59,1.59,0,,
2026-09-16,111111003,1.59,1.59,0,,
2026-09-16,111111005,1.59,1.59,0,,
2026-09-16,111111006,1.59,1.59,0,,
2026-09-16,111308001,2.49,2.49,0,,
2026-09-16,111308002,2.49,2.49,0,,
2026-09-16,111429001,3.59,3.59,0,,
2026-09-16,111429002,3.59,3.59,0,,
2026-09-16,111429003,3.59,3.59,0,,
2026-09-16,111481001,0.99,0.99,0,,
2026-09-16,111481002,0.99,0.99,0,,
2026-09-16,111647001,2.35,2.35,0,,
2026-09-16,111647002,2.35,2.35,0,,
2026-09-16,111647003,2.35,2.35,0,,
2026-09-16,111647004,2.35,2.35,0,,
2026-09-16,111839004,1.49,1.49,0,,
2026-09-16,111839005,1.49,1.49,0,,
2026-09-16,111839006,1.49,1.49,0,,
2026-09-16,111924003,1.75,1.75,0,,
2026-09-16,111924006,1.75,1.75,0,,
2026-09-16,111924009,1.75,1.75,0,,
2026-09-16,112035003,2.79,2.79,0,,
2026-09-16,112058001,0.75,0.75,0,,
2026-09-16,112058003,0.75,0.75,0,,
2026-09-16,112058004,0.75,0.75,0,,
2026-09-16,112284001,2.99,2.99,0,,
2026-09-16,112284002,2.99,2.99,0,,
2026-09-16,112310001,3.69,3.69,0,,
2026-09-16,112310002,3.69,3.69,0,,
2026-09-16,112480002,3.09,3.09,0,,
2026-09-16,112480003,3.09,3.09,0,,
2026-09-16,112480004,3.09,3.09,0,,
2026-09-16,112828002,1.68,1.68,0,,
2026-09-16,113014002,1.99,1.99,0,,
2026-09-16,113014004,1.99,1.99,0,,
2026-09-16,113014005,1.99,1.99,0,,
2026-09-16,113188002,3.49,3.49,0,,
2026-09-16,113188003,3.49,3.49,0,,
2026-09-16,113188004,3.49,3.49,0,,
2026-09-16,113337002,5.29,5.29,0,,
2026-09-16,113337003,5.29,5.29,0,,
2026-09-16,113337004,5.29,5.29,0,,
2026-09-16,113432001,1.99,1.99,0,,
2026-09-16,113432002,1.99,1.99,0,,
2026-09-16,113630001,3.99,3.99,0,,
2026-09-16,113630002,3.99,3.99,0,,
2026-09-16,113721001,2.39,2.39,0,,
2026-09-16,113767001,1.79,1.79,0,,
2026-09-16,113767002,1.79,1.79,0,,
2026-09-16,113767004,1.79,1.79,0,,
2026-09-16,113930001,4.39,4.39,0,,
2026-09-16,113930002,4.39,4.39,0,,
2026-09-16,113930003,4.39,4.39,0,,
2026-09-16,114049001,1.65,1.65,0,,
2026-09-16,114049003,1.65,1.65,0,,
2026-09-16,114049004,1.65,1.65,0,,
2026-09-16,114049005,1.65,1.65,0,,
2026-09-16,114305002,2.45,2.45,0,,
2026-09-16,114305005,2.45,2.45,0,,
2026-09-16,114305006,2.45,2.45,0,,
2026-09-16,116880002,1.99,1.99,0,,
2026-09-16,116880003,1.99,1.99,0,,
2026-09-16,116880006,1.99,1.99,0,,
2026-09-16,116880007,1.99,1.99,0,,
2026-09-16,155755001,2.09,2.09,0,,
2026-09-16,155755002,2.09,2.09,0,,
2026-09-16,155755003,2.09,2.09,0,,
2026-09-16,155841001,1.49,1.49,0,,
2026-09-16,155841002,1.49,1.49,0,,
2026-09-16,155841003,1.49,1.49,0,,
2026-09-16,155876001,1.99,1.99,0,,
2026-09-16,155876002,1.99,1.99,0,,
2026-09-16,155893001,1.45,1.45,0,,
2026-09-16,155893002,1.45,1.45,0,,
2026-09-16,155962001,2.99,2.99,0,,
2026-09-16,155962002,2.99,2.99,0,,
2026-09-16,156081002,1.89,1.89,0,,
2026-09-16,156081003,1.89,1.89,0,,
2026-09-16,156081004,1.89,1.89,0,,
2026-09-16,156104003,2.35,2.35,0,,
2026-09-16,156260003,0.85,0.85,0,,
2026-09-16,156317001,2.29,2.29,0,,
2026-09-16,156317002,2.29,2.29,0,,
2026-09-16,156317003,2.29,2.29,0,,
2026-09-16,156414001,1.55,1.55,0,,
2026-09-16,156489001,2.85,2.85,0,,
2026-09-16,156511001,6.19,6.19,0,,
2026-09-16,156511002,6.19,6.19,0,,
2026-09-16,156553001,2.99,2.99,0,,
2026-09-16,156626002,2.45,2.45,0,,
2026-09-16,156741001,3.89,3.89,0,,
2026-09-16,156741002,3.89,3.89,0,,
2026-09-16,156741003,3.89,3.89,0,,
2026-09-16,156924001,1.49,1.49,0,,
2026-09-16,157076001,1.65,1.65,0,,
2026-09-16,157076002,1.65,1.65,0,,
2026-09-16,157076005,1.65,1.65,0,,
2026-09-16,157178001,2.99,2.99,0,,
2026-09-16,157178002,2.99,2.99,0,,
2026-09-16,157240001,1.49,1.49,0,,
2026-09-16,157240002,1.49,1.49,0,,
2026-09-16,157241001,1.19,1.19,0,,
2026-09-16,157266001,2.99,2.99,0,,
2026-09-16,157266002,2.99,2.99,0,,
2026-09-16,157441001,2.99,2.99,0,,
2026-09-16,157442001,2.99,2.99,0,,
2026-09-16,157442002,2.99,2.99,0,,
2026-09-16,157861001,3.35,3.35,0,,
2026-09-16,169570001,3.79,3.79,0,,
2026-09-16,169570002,3.79,3.79,0,,
2026-09-16,169570003,3.79,3.79,0,,
2026-09-16,169570004,3.79,3.79,0,,
2026-09-16,169570005,3.79,3.79,0,,
2026-09-16,171732001,0.99,0.99,0,,
2026-09-16,177188001,3.65,3.65,0,,
2026-09-16,177188002,3.65,3.65,0,,
2026-09-16,177188003,3.65,3.65,0,,
2026-09-16,178146001,0.94,0.94,0,,
2026-09-16,178450001,0.79,0.79,0,,
2026-09-16,178450002,0.79,0.79,0,,
2026-09-16,180342001,1.99,1.99,0,,
2026-09-16,180342002,1.99,1.99,0,,
2026-09-16,181264004,2.75,2.75,0,,
2026-09-16,181264006,2.75,2.75,0,,
2026-09-16,182243002,13.99,13.99,0,,
2026-09-16,182533002,2.49,2.49,0,,
2026-09-16,182533003,2.49,2.49,0,,
2026-09-16,182533008,2.49,2.49,0,,
2026-09-16,186890006,1.49,1.49,0,,
2026-09-16,186890009,1.49,1.49,0,,
2026-09-16,186890010,1.49,1.49,0,,
2026-09-16,186890011,1.49,1.49,0,,
2026-09-16,186890012,1.49,1.49,0,,
2026-09-16,186890013,1.49,1.49,0,,
2026-09-16,187051003,2.99,2.99,0,,
2026-09-16,187051010,2.99,2.99,0,,
2026-09-16,187051011,2.99,2.99,0,,
2026-09-16,187051012,2.99,2.99,0,,
2026-09-16,187133002,1.85,1.85,0,,
2026-09-16,187133003,1.85,1.85,0,,
2026-09-16,187133006,1.85,1.85,0,,
2026-09-16,187289001,2.49,2.49,0,,
2026-09-16,187289003,2.49,2.49,0,,
2026-09-16,187371001,2.99,2.99,0,,
2026-09-16,187371002,2.99,2.99,0,,
2026-09-16,187371003,2.99,2.99,0,,
2026-09-16,187621002,3.65,3.65,0,,
2026-09-16,188405001,1.79,1.79,0,,
2026-09-16,188405002,1.79,1.79,0,,
2026-09-16,191415005,3.95,3.95,0,,
2026-09-16,191415009,3.95,3.95,0,,
2026-09-16,191455001,1.39,1.39,0,,
2026-09-16,191455002,1.39,1.39,0,,
2026-09-16,191671002,4.49,4.49,0,,
2026-09-16,191671003,4.49,4.49,0,,
2026-09-16,191671004,4.49,4.49,0,,
2026-09-16,191707002,1.98,1.98,0,,
2026-09-16,191707003,1.98,1.98,0,,
2026-09-16,191879001,2.99,2.99,0,,
2026-09-16,191879002,2.99,2.99,0,,
2026-09-16,191879005,2.99,2.99,0,,
2026-09-16,191979005,6.49,6.49,0,,
2026-09-16,192110002,3.15,3.15,0,,
2026-09-16,192110003,3.15,3.15,0,,
2026-09-16,192110004,3.15,3.15,0,,
2026-09-16,192110005,3.15,3.15,0,,
2026-09-16,194107001,0.99,0.99,0,,
2026-09-16,194107002,0.99,0.99,0,,
2026-09-16,194107003,0.99,0.99,0,,
2026-09-16,194327001,1.59,1.59,0,,
2026-09-16,194327002,1.59,1.59,0,,
2026-09-16,194571006,0.99,0.99,0,,
2026-09-16,194571010,0.99,0.99,0,,
2026-09-16,194571011,0.99,0.99,0,,
2026-09-16,194571012,0.99,0.99,0,,
2026-09-16,194630001,2.69,2.69,0,,
2026-09-16,194630002,2.69,2.69,0,,
2026-09-16,194630004,2.69,2.69,0,,
2026-09-16,194630005,2.69,2.69,0,,
2026-09-16,197995002,2.99,2.99,0,,
2026-09-16,198217001,1.99,1.99,0,,
2026-09-16,198217002,1.99,1.99,0,,
2026-09-16,198407001,2.49,2.49,0,,
2026-09-16,198407004,2.49,2.49,0,,
2026-09-16,198407005,2.49,2.49,0,,
2026-09-16,199713001,2.99,2.99,0,,
2026-09-16,199713002,2.99,2.99,0,,
2026-09-16,199713005,2.99,2.99,0,,
2026-09-16,201264002,0.79,0.79,0,,
2026-09-16,201264003,0.79,0.79,0,,
2026-09-16,201744001,5.79,5.79,0,,
2026-09-16,201744002,5.79,5.79,0,,
2026-09-16,202755002,2.05,2.05,0,,
2026-09-16,202835001,1.95,1.95,0,,
2026-09-16,202835002,1.95,1.95,0,,
2026-09-16,203106004,3.89,3.89,0,,
2026-09-16,203173003,2.64,2.64,0,,
2026-09-16,203253001,3.49,3.49,0,,
2026-09-16,203644001,2.15,2.15,0,,
2026-09-16,203644003,2.15,2.15,0,,
2026-09-16,203657001,1.65,1.65,0,,
2026-09-16,203657002,1.65,1.65,0,,
2026-09-16,204229001,1.99,1.99,0,,
2026-09-16,204229002,1.99,1.99,0,,
2026-09-16,204229003,1.99,1.99,0,,
2026-09-16,204229004,1.99,1.99,0,,
2026-09-16,204229005,1.99,1.99,0,,
2026-09-16,204229007,1.99,1.99,0,,
2026-09-16,204376001,1.89,1.89,0,,
2026-09-16,204376002,1.89,1.89,0,,
2026-09-16,204376003,1.89,1.89,0,,
2026-09-16,204376004,1.89,1.89,0,,
2026-09-16,204567001,3.79,3.79,0,,
2026-09-16,204567002,3.79,3.79,0,,
2026-09-16,204568001,3.99,3.99,0,,
2026-09-16,204568002,3.99,3.99,0,,
2026-09-16,212039001,4.49,4.49,0,,
2026-09-16,212039002,4.49,4.49,0,,
2026-09-16,261311,2.79,2.79,0,,
2026-09-16,264550001,2.95,2.95,0,,
2026-09-16,264550002,2.95,2.95,0,,
2026-09-16,264550003,2.95,2.95,0,,
2026-09-16,270104001,2.99,2.99,0,,
2026-09-16,270104002,2.99,2.99,0,,
2026-09-16,270211001,3.95,3.95,0,,
2026-09-16,270211002,3.95,3.95,0,,
2026-09-16,270352001,3.99,3.99,0,,
2026-09-16,270352002,3.99,3.99,0,,
2026-09-16,270721001,3.89,3.89,0,,
2026-09-16,270721002,3.89,3.89,0,,
2026-09-16,271649002,3.49,3.49,0,,
2026-09-16,273295001,2.79,2.79,0,,
2026-09-16,275027001,3.49,3.49,0,,
2026-09-16,275027003,3.49,3.49,0,,
2026-09-16,275083001,2.99,2.99,0,,
2026-09-16,275083002,2.99,2.99,0,,
2026-09-16,276258001,2.69,2.69,0,,
2026-09-16,276258002,2.69,2.69,0,,
2026-09-16,276258003,2.69,2.69,0,,
2026-09-16,276258004,2.69,2.69,0,,
2026-09-16,277360001,4.39,4.39,0,,
2026-09-16,277360002,4.39,4.39,0,,
2026-09-16,277360003,4.39,4.39,0,,
2026-09-16,277360004,4.39,4.39,0,,
2026-09-16,279331001,4.99,4.99,0,,
2026-09-16,279331002,4.99,4.99,0,,
2026-09-16,281975001,1.59,1.59,0,,
2026-09-16,281975002,1.59,1.59,0,,
2026-09-16,281975003,1.59,1.59,0,,
2026-09-16,283055001,4.09,4.09,0,,
2026-09-16,283055002,4.09,4.09,0,,
2026-09-16,283055003,4.09,4.09,0,,
2026-09-16,284292001,0.99,0.99,0,,
2026-09-16,284292002,0.99,0.99,0,,
2026-09-16,284292003,0.99,0.99,0,,
2026-09-16,286527001,6.89,6.89,0,,
2026-09-16,287178001,0.74,0.74,0,,
2026-09-16,287178002,0.74,0.74,0,,
2026-09-16,287779002,1.85,1.85,0,,
2026-09-16,287779003,1.85,1.85,0,,
2026-09-16,287832001,5.29,5.29,0,,
2026-09-16,287832002,5.29,5.29,0,,
2026-09-16,287832003,5.29,5.29,0,,
2026-09-16,287832004,5.29,5.29,0,,
2026-09-16,287842001,3.59,3.59,0,,
2026-09-16,287842002,3.59,3.59,0,,
2026-09-16,287997001,2.45,2.45,0,,
2026-09-16,287997002,2.45,2.45,0,,
2026-09-16,287997003,2.45,2.45,0,,
2026-09-16,288010001,2.49,2.49,0,,
2026-09-16,288010002,2.49,2.49,0,,
2026-09-16,288012001,2.95,2.95,0,,
2026-09-16,288012002,2.95,2.95,0,,
2026-09-16,288021001,14.95,14.95,0,,
2026-09-16,288021002,14.95,14.95,0,,
2026-09-16,288021003,14.95,14.95,0,,
2026-09-16,288021004,14.95,14.95,0,,
2026-09-16,288032001,1.99,1.99,0,,
2026-09-16,288032002,1.99,1.99,0,,
2026-09-16,288034001,4.49,4.49,0,,
2026-09-16,288034002,4.49,4.49,0,,
2026-09-16,288042001,5.99,5.99,0,,
2026-09-16,288042002,5.99,5.99,0,,
2026-09-16,288042003,5.99,5.99,0,,
2026-09-16,288060001,17.95,17.95,0,,
2026-09-16,288060002,17.95,17.95,0,,
2026-09-16,288060003,17.95,17.95,0,,
2026-09-16,288060004,17.95,17.95,0,,
2026-09-16,288064001,2.89,2.89,0,,
2026-09-16,288069001,2.09,2.09,0,,
2026-09-16,288069002,2.09,2.09,0,,
2026-09-16,288069003,2.09,2.09,0,,
2026-09-16,288070001,4.09,4.09,0,,
2026-09-16,288070002,4.09,4.09,0,,
2026-09-16,288101,5.89,5.89,0,,
2026-09-16,288111001,1.79,1.79,0,,
2026-09-16,288111002,1.79,1.79,0,,
2026-09-16,288124002,2.49,2.49,0,,
2026-09-16,288191002,3.19,3.19,0,,
2026-09-16,288191003,3.19,3.19,0,,
2026-09-16,288191004,3.19,3.19,0,,
2026-09-16,288215001,2.95,2.95,0,,
2026-09-16,288215002,2.95,2.95,0,,
2026-09-16,288261001,9.99,9.99,0,,
2026-09-16,288261002,9.99,9.99,0,,
2026-09-16,288274001,2.19,2.19,0,,
2026-09-16,288274002,2.19,2.19,0,,
2026-09-16,288274003,2.19,2.19,0,,
2026-09-16,288274005,2.19,2.19,0,,
2026-09-16,288316002,3.99,3.99,0,,
2026-09-16,288316003,3.99,3.99,0,,
2026-09-16,288316004,3.99,3.99,0,,
2026-09-16,288331001,1.49,1.49,0,,
2026-09-16,288339001,2.69,2.69,0,,
2026-09-16,288399001,3.89,3.89,0,,
2026-09-16,288399002,3.89,3.89,0,,
2026-09-16,288407001,2.45,2.45,0,,
2026-09-16,288407002,2.45,2.45,0,,
2026-09-16,288423001,3.49,3.49,0,,
2026-09-16,288423002,3.49,3.49,0,,
2026-09-16,288426001,3.49,3.49,0,,
2026-09-16,288445001,1.45,1.45,0,,
2026-09-16,288445002,1.45,1.45,0,,
2026-09-16,288453001,9.99,9.99,0,,
2026-09-16,288453002,9.99,9.99,0,,
2026-09-16,288476002,2.79,2.79,0,,
2026-09-16,288476003,2.79,2.79,0,,
2026-09-16,288476004,2.79,2.79,0,,
2026-09-16,288496001,2.69,2.69,0,,
2026-09-16,288515001,3.75,3.75,0,,
2026-09-16,288515002,3.75,3.75,0,,
2026-09-16,288515003,3.75,3.75,0,,
2026-09-16,288594001,0.99,0.99,0,,
2026-09-16,288594002,0.99,0.99,0,,
2026-09-16,288594003,0.99,0.99,0,,
2026-09-16,288617001,5.35,5.35,0,,
2026-09-16,288617002,5.35,5.35,0,,
2026-09-16,288771001,5.89,5.89,0,,
2026-09-16,288897001,7.19,7.19,0,,
2026-09-16,288925001,3.99,3.99,0,,
2026-09-16,288925002,3.99,3.99,0,,
2026-09-16,288925003,3.99,3.99,0,,
2026-09-16,289024001,7.29,7.29,0,,
2026-09-16,289024002,7.29,7.29,0,,
2026-09-16,289131003,1.68,1.68,0,,
2026-09-16,289200002,2.99,2.99,0,,
2026-09-16,289200003,2.99,2.99,0,,
2026-09-16,289390003,4.29,4.29,0,,
2026-09-16,289390006,4.29,4.29,0,,
2026-09-16,289390007,4.29,4.29,0,,
2026-09-16,289390008,4.29,4.29,0,,
2026-09-16,289446002,2.69,2.69,0,,
2026-09-16,289446003,2.69,2.69,0,,
2026-09-16,289580001,3.25,3.25,0,,
2026-09-16,289580002,3.25,3.25,0,,
2026-09-16,289660002,9.99,9.99,0,,
2026-09-16,289660004,9.99,9.99,0,,
2026-09-16,289660008,9.99,9.99,0,,
2026-09-16,289660009,9.99,9.99,0,,
2026-09-16,289685001,1.35,1.35,0,,
2026-09-16,289685002,1.35,1.35,0,,
2026-09-16,289767001,3.69,3.69,0,,
2026-09-16,289767002,3.69,3.69,0,,
2026-09-16,289775001,5.89,5.89,0,,
2026-09-16,289775002,5.89,5.89,0,,
2026-09-16,289808001,5.49,5.49,0,,
2026-09-16,289808002,5.49,5.49,0,,
2026-09-16,289808003,5.49,5.49,0,,
2026-09-16,289808004,5.49,5.49,0,,
2026-09-16,289971001,2.89,2.89,0,,
2026-09-16,289971002,2.89,2.89,0,,
2026-09-16,289971003,2.89,2.89,0,,
2026-09-16,290017002,5.99,5.99,0,,
2026-09-16,290017003,5.99,5.99,0,,
2026-09-16,290017004,5.99,5.99,0,,
2026-09-16,290022001,10.99,10.99,0,,
2026-09-16,290022002,10.99,10.99,0,,
2026-09-16,290381001,3.19,3.19,0,,
2026-09-16,290381002,3.19,3.19,0,,
2026-09-16,290433001,3.49,3.49,0,,
2026-09-16,290433002,3.49,3.49,0,,
2026-09-16,290433003,3.49,3.49,0,,
2026-09-16,290447001,2.95,2.95,0,,
2026-09-16,290447002,2.95,2.95,0,,
2026-09-16,290509001,6.99,6.99,0,,
2026-09-16,290509002,6.99,6.99,0,,
2026-09-16,290560001,3.99,3.99,0,,
2026-09-16,290560002,3.99,3.99,0,,
2026-09-16,290568001,0.99,0.99,0,,
2026-09-16,290568002,0.99,0.99,0,,
2026-09-16,290575001,1.95,1.95,0,,
2026-09-16,290575002,1.95,1.95,0,,
2026-09-16,290575004,1.95,1.95,0,,
2026-09-16,290609001,2.99,2.99,0,,
2026-09-16,290609002,2.99,2.99,0,,
2026-09-16,294329001,2.15,2.15,0,,
2026-09-16,294329002,2.15,2.15,0,,
2026-09-16,294497003,2.89,2.89,0,,
2026-09-16,294497004,2.89,2.89,0,,
2026-09-16,294819001,1.95,1.95,0,,
2026-09-16,294819002,1.95,1.95,0,,
2026-09-16,304030001,0.69,0.69,0,,
2026-09-16,304030002,0.69,0.69,0,,
2026-09-16,304030003,0.69,0.69,0,,
2026-09-16,304070002,1.75,1.75,0,,
2026-09-16,304077001,2.39,2.39,0,,
2026-09-16,304077004,2.39,2.39,0,,
2026-09-16,304077005,2.39,2.39,0,,
2026-09-16,307499001,3.15,3.15,0,,
2026-09-16,307499002,3.15,3.15,0,,
2026-09-16,307965003,2.99,2.99,0,,
2026-09-16,307965004,2.99,2.99,0,,
2026-09-16,307965005,2.99,2.99,0,,
2026-09-16,309264001,1.99,1.99,0,,
2026-09-16,309264002,1.99,1.99,0,,
2026-09-16,309264003,1.99,1.99,0,,
2026-09-16,309618001,13.39,13.39,0,,
2026-09-16,309618002,13.39,13.39,0,,
2026-09-16,317026001,2.85,2.85,0,,
2026-09-16,317026002,2.85,2.85,0,,
2026-09-16,317026005,2.85,2.85,0,,
2026-09-16,317257001,2.79,2.79,0,,
2026-09-16,317257002,2.79,2.79,0,,
2026-09-16,317257003,2.79,2.79,0,,
2026-09-16,318014001,1.69,1.69,0,,
2026-09-16,318014004,1.69,1.69,0,,
2026-09-16,318014005,1.69,1.69,0,,
2026-09-16,323740001,1.49,1.49,0,,
2026-09-16,323740005,1.49,1.49,0,,
2026-09-16,323740007,1.49,1.49,0,,
2026-09-16,323740009,1.49,1.49,0,,
2026-09-16,332911001,8.99,8.99,0,,
2026-09-16,332911002,8.99,8.99,0,,
2026-09-16,332911003,8.99,8.99,0,,
2026-09-16,334987001,11.49,11.49,0,,
2026-09-16,334987002,11.49,11.49,0,,
2026-09-16,334987003,11.49,11.49,0,,
2026-09-16,341747001,3.25,3.25,0,,
2026-09-16,341747002,3.25,3.25,0,,
2026-09-16,341858001,1.95,1.95,0,,
2026-09-16,341858002,1.95,1.95,0,,
2026-09-16,364229006,4.95,4.95,0,,
2026-09-16,364229007,4.95,4.95,0,,
2026-09-16,397684001,2.49,2.49,0,,
2026-09-16,397684002,2.49,2.49,0,,
2026-09-16,397684003,2.49,2.49,0,,
2026-09-16,445726001,3.99,3.99,0,,
2026-09-16,445726002,3.99,3.99,0,,
2026-09-16,451684001,0.55,0.55,0,,
2026-09-16,451684002,0.55,0.55,0,,
2026-09-16,452643001,3.99,3.99,0,,
2026-09-16,452643002,3.99,3.99,0,,
2026-09-16,452643003,3.99,3.99,0,,
2026-09-16,453180001,1.75,1.75,0,,
2026-09-16,453180002,1.75,1.75,0,,
2026-09-16,455111001,0.85,0.85,0,,
2026-09-16,455111002,0.85,0.85,0,,
2026-09-16,460847002,8.90,8.90,0,,
2026-09-16,461020001,1.29,1.29,0,,
2026-09-16,461020002,1.29,1.29,0,,
2026-09-16,461102001,4.49,4.49,0,,
2026-09-16,461102002,4.49,4.49,0,,
2026-09-16,465803003,3.79,3.79,0,,
2026-09-16,465803004,3.79,3.79,0,,
2026-09-16,467768001,1.15,1.15,0,,
2026-09-16,467768002,1.15,1.15,0,,
2026-09-16,467768003,1.15,1.15,0,,
2026-09-16,475487001,1.29,1.29,0,,
2026-09-16,475487002,1.29,1.29,0,,
2026-09-16,475487003,1.29,1.29,0,,
2026-09-16,475487004,1.29,1.29,0,,
2026-09-16,476159001,0.83,0.83,0,,
2026-09-16,476159002,0.83,0.83,0,,
2026-09-16,477598001,1.99,1.99,0,,
2026-09-16,477598002,1.99,1.99,0,,
2026-09-16,477598003,1.99,1.99,0,,
2026-09-16,477598004,1.99,1.99,0,,
2026-09-16,478209001,0.79,0.79,0,,
2026-09-16,478209002,0.79,0.79,0,,
2026-09-16,480567,5.95,5.95,0,,
2026-09-16,482754002,3.95,3.95,0,,
2026-09-16,482754003,3.95,3.95,0,,
2026-09-16,483016002,2.99,2.99,0,,
2026-09-16,484259003,2.89,2.89,0,,
2026-09-16,484259004,2.89,2.89,0,,
2026-09-16,484259005,2.89,2.89,0,,
2026-09-16,484259006,2.89,2.89,0,,
2026-09-16,484837001,1.99,1.99,0,,
2026-09-16,484837002,1.99,1.99,0,,
2026-09-16,485091,5.95,5.95,0,,
2026-09-16,486339001,3.85,3.85,0,,
2026-09-16,486339002,3.85,3.85,0,,
2026-09-16,488222003,1.89,1.89,0,,
2026-09-16,488222004,1.89,1.89,0,,
2026-09-16,488222006,1.89,1.89,0,,
2026-09-16,489760002,3.49,3.49,0,,
2026-09-16,489760003,3.49,3.49,0,,
2026-09-16,490625001,3.88,3.88,0,,
2026-09-16,492869001,1.89,1.89,0,,
2026-09-16,492869002,1.89,1.89,0,,
2026-09-16,492869003,1.89,1.89,0,,
2026-09-16,492869004,1.89,1.89,0,,
2026-09-16,493952004,2.99,2.99,0,,
2026-09-16,493952005,2.99,2.99,0,,
2026-09-16,493952008,2.99,2.99,0,,
2026-09-16,493952009,2.99,2.99,0,,
2026-09-16,504492001,3.69,3.69,0,,
2026-09-16,504492002,3.69,3.69,0,,
2026-09-16,504492003,3.69,3.69,0,,
2026-09-16,504645005,2.99,2.99,0,,
2026-09-16,504645006,2.99,2.99,0,,
2026-09-16,504645007,2.99,2.99,0,,
2026-09-16,504645008,2.99,2.99,0,,
2026-09-16,505349017,12.99,12.99,0,,
2026-09-16,505349019,12.99,12.99,0,,
2026-09-16,505688001,0.49,0.49,0,,
2026-09-16,505688002,0.49,0.49,0,,
2026-09-16,505830,5.89,5.89,0,,
2026-09-16,505879,6.49,6.49,0,,
2026-09-16,508158001,2.29,2.29,0,,
2026-09-16,508158002,2.29,2.29,0,,
2026-09-16,509164001,1.95,1.95,0,,
2026-09-16,509164002,1.95,1.95,0,,
2026-09-16,509164003,1.95,1.95,0,,
2026-09-16,509805001,2.49,2.49,0,,
2026-09-16,509805003,2.49,2.49,0,,
2026-09-16,509805004,2.49,2.49,0,,
2026-09-16,512409001,0.85,0.85,0,,
2026-09-16,512409002,0.85,0.85,0,,
2026-09-16,512813001,8.95,8.95,0,,
2026-09-16,512813002,8.95,8.95,0,,
2026-09-16,512813003,8.95,8.95,0,,
2026-09-16,516755002,1.89,1.89,0,,
2026-09-16,520205001,4.35,4.35,0,,
2026-09-16,520205002,4.35,4.35,0,,
2026-09-16,520205003,4.35,4.35,0,,
2026-09-16,522010002,2.59,2.59,0,,
2026-09-16,523156,7.89,7.89,0,,
2026-09-16,523763001,3.29,3.29,0,,
2026-09-16,523763002,3.29,3.29,0,,
2026-09-16,523763003,3.29,3.29,0,,
2026-09-16,523763004,3.29,3.29,0,,
2026-09-16,523763005,3.29,3.29,0,,
2026-09-16,523763007,3.29,3.29,0,,
2026-09-16,523763008,3.29,3.29,0,,
2026-09-16,528881001,1.99,1.99,0,,
2026-09-16,528881002,1.99,1.99,0,,
2026-09-16,528881003,1.99,1.99,0,,
2026-09-16,528881004,1.99,1.99,0,,
2026-09-16,531261001,3.65,3.65,0,,
2026-09-16,531261002,3.65,3.65,0,,
2026-09-16,531459001,7.49,7.49,0,,
2026-09-16,531459002,7.49,7.49,0,,
2026-09-16,531459003,7.49,7.49,0,,
2026-09-16,534325001,1.59,1.59,0,,
2026-09-16,534325002,1.59,1.59,0,,
2026-09-16,536369002,3.99,3.99,0,,
2026-09-16,536369004,3.99,3.99,0,,
2026-09-16,536369006,3.99,3.99,0,,
2026-09-16,536369008,3.99,3.99,0,,
2026-09-16,537050001,1.59,1.59,0,,
2026-09-16,537050002,1.59,1.59,0,,
2026-09-16,539051001,2.65,2.65,0,,
2026-09-16,539051002,2.65,2.65,0,,
2026-09-16,539051003,2.65,2.65,0,,
2026-09-16,541169002,2.99,2.99,0,,
2026-09-16,541169003,2.99,2.99,0,,
2026-09-16,541169005,2.99,2.99,0,,
2026-09-16,543360001,3.29,3.29,0,,
2026-09-16,543360002,3.29,3.29,0,,
2026-09-16,543360004,3.29,3.29,0,,
2026-09-16,543360005,3.29,3.29,0,,
2026-09-16,543551001,4.69,4.69,0,,
2026-09-16,543551002,4.69,4.69,0,,
2026-09-16,546619001,3.29,3.29,0,,
2026-09-16,546619002,3.29,3.29,0,,
2026-09-16,546641001,1.39,1.39,0,,
2026-09-16,546641004,1.39,1.39,0,,
2026-09-16,546641005,1.39,1.39,0,,
2026-09-16,546641007,1.39,1.39,0,,
2026-09-16,546931001,20.90,20.90,0,,
2026-09-16,546931002,20.90,20.90,0,,
2026-09-16,547511,9.49,9.49,0,,
2026-09-16,548081001,3.85,3.85,0,,
2026-09-16,548081002,3.85,3.85,0,,
2026-09-16,548081003,3.85,3.85,0,,
2026-09-16,552220002,5.19,5.19,0,,
2026-09-16,552264001,2.19,2.19,0,,
2026-09-16,552568001,2.49,2.49,0,,
2026-09-16,552622002,1.99,1.99,0,,
2026-09-16,553372001,2.55,2.55,0,,
2026-09-16,553372002,2.55,2.55,0,,
2026-09-16,553740001,0.69,0.69,0,,
2026-09-16,553740002,0.69,0.69,0,,
2026-09-16,553756002,2.15,2.15,0,,
2026-09-16,553756003,2.15,2.15,0,,
2026-09-16,553756004,2.15,2.15,0,,
2026-09-16,553801001,6.49,6.49,0,,
2026-09-16,553801002,6.49,6.49,0,,
2026-09-16,553801003,6.49,6.49,0,,
2026-09-16,555498001,0.49,0.49,0,,
2026-09-16,555498002,0.49,0.49,0,,
2026-09-16,557415001,1.89,1.89,0,,
2026-09-16,557452001,2.75,2.75,0,,
2026-09-16,557452003,2.75,2.75,0,,
2026-09-16,557452004,2.75,2.75,0,,
2026-09-16,558965001,0.99,0.99,0,,
2026-09-16,561058002,5.89,5.89,0,,
2026-09-16,562021001,1.59,1.59,0,,
2026-09-16,562021002,1.59,1.59,0,,
2026-09-16,562021003,1.59,1.59,0,,
2026-09-16,563952001,2.49,2.49,0,,
2026-09-16,563952002,2.49,2.49,0,,
2026-09-16,563952003,2.49,2.49,0,,
2026-09-16,564754001,2.99,2.99,0,,
2026-09-16,564784001,4.49,4.49,0,,
2026-09-16,564784003,4.49,4.49,0,,
2026-09-16,564784004,4.49,4.49,0,,
2026-09-16,564784005,4.49,4.49,0,,
2026-09-16,568404001,1.99,1.99,0,,
2026-09-16,570227001,3.99,3.99,0,,
2026-09-16,570227002,3.99,3.99,0,,
2026-09-16,570227003,3.99,3.99,0,,
2026-09-16,570926002,0.95,0.95,0,,
2026-09-16,570926003,0.95,0.95,0,,
2026-09-16,571891002,3.49,3.49,0,,
2026-09-16,574185001,1.75,1.75,0,,
2026-09-16,575729,2.29,2.29,0,,
2026-09-16,575796001,6.99,6.99,0,,
2026-09-16,575796002,6.99,6.99,0,,
2026-09-16,575796003,6.99,6.99,0,,
2026-09-16,576543001,5.45,5.45,0,,
2026-09-16,576543002,5.45,5.45,0,,
2026-09-16,577081002,9.99,9.99,0,,
2026-09-16,577081003,9.99,9.99,0,,
2026-09-16,577081004,9.99,9.99,0,,
2026-09-16,577470001,3.99,3.99,0,,
2026-09-16,577470002,3.99,3.99,0,,
2026-09-16,577470003,3.99,3.99,0,,
2026-09-16,577470004,3.99,3.99,0,,
2026-09-16,578546001,2.55,2.55,0,,
2026-09-16,578546002,2.55,2.55,0,,
2026-09-16,580725001,3.49,3.49,0,,
2026-09-16,581683001,5.49,5.49,0,,
2026-09-16,581683002,5.49,5.49,0,,
2026-09-16,582141001,3.49,3.49,0,,
2026-09-16,582141002,3.49,3.49,0,,
2026-09-16,582305001,2.99,2.99,0,,
2026-09-16,582305002,2.99,2.99,0,,
2026-09-16,582305003,2.99,2.99,0,,
2026-09-16,582305004,2.99,2.99,0,,
2026-09-16,582305005,2.99,2.99,0,,
2026-09-16,582305006,2.99,2.99,0,,
2026-09-16,583130001,1.45,1.45,0,,
2026-09-16,584558001,3.19,3.19,0,,
2026-09-16,584558002,3.19,3.19,0,,
2026-09-16,584558003,3.19,3.19,0,,
2026-09-16,585202002,2.49,2.49,0,,
2026-09-16,586167001,2.99,2.99,0,,
2026-09-16,586167002,2.99,2.99,0,,
2026-09-16,587697,4.49,4.49,0,,
2026-09-16,587703,7.49,7.49,0,,
2026-09-16,592967001,0.75,0.75,0,,
2026-09-16,592967002,0.75,0.75,0,,
2026-09-16,592967003,0.75,0.75,0,,
2026-09-16,597396001,2.99,2.99,0,,
2026-09-16,597396003,2.99,2.99,0,,
2026-09-16,597396004,2.99,2.99,0,,
2026-09-16,597396005,2.99,2.99,0,,
2026-09-16,597396007,2.99,2.99,0,,
2026-09-16,597396008,2.99,2.99,0,,
2026-09-16,597546001,1.25,1.25,0,,
2026-09-16,597546002,1.25,1.25,0,,
2026-09-16,597546003,1.25,1.25,0,,
2026-09-16,597546004,1.25,1.25,0,,
2026-09-16,597546005,1.25,1.25,0,,
2026-09-16,599102001,0.39,0.39,0,,
2026-09-16,599102002,0.39,0.39,0,,
2026-09-16,599129001,1.45,1.45,0,,
2026-09-16,599129002,1.45,1.45,0,,
2026-09-16,599129003,1.45,1.45,0,,
2026-09-16,599129004,1.45,1.45,0,,
2026-09-16,599129005,1.45,1.45,0,,
2026-09-16,601264001,1.75,1.75,0,,
2026-09-16,601264002,1.75,1.75,0,,
2026-09-16,602508001,3.99,3.99,0,,
2026-09-16,602508002,3.99,3.99,0,,
2026-09-16,602508003,3.99,3.99,0,,
2026-09-16,603719002,4.49,4.49,0,,
2026-09-16,603719004,4.49,4.49,0,,
2026-09-16,605529001,1.65,1.65,0,,
2026-09-16,605529002,1.65,1.65,0,,
2026-09-16,606122001,1.65,1.65,0,,
2026-09-16,606122002,1.65,1.65,0,,
2026-09-16,606122003,1.65,1.65,0,,
2026-09-16,606122004,1.65,1.65,0,,
2026-09-16,606179,5.95,5.95,0,,
2026-09-16,606341001,2.89,2.89,0,,
2026-09-16,606341002,2.89,2.89,0,,
2026-09-16,607077,3.95,3.95,0,,
2026-09-16,608059001,0.39,0.39,0,,
2026-09-16,608059004,0.39,0.39,0,,
2026-09-16,608059005,0.39,0.39,0,,
2026-09-16,609074001,1.35,1.35,0,,
2026-09-16,609074002,1.35,1.35,0,,
2026-09-16,609074004,1.35,1.35,0,,
2026-09-16,609129001,1.35,1.35,0,,
2026-09-16,609129002,1.35,1.35,0,,
2026-09-16,609129003,1.35,1.35,0,,
2026-09-16,609129004,1.35,1.35,0,,
2026-09-16,609362001,1.69,1.69,0,,
2026-09-16,609362004,1.69,1.69,0,,
2026-09-16,612543001,0.82,0.82,0,,
2026-09-16,612543003,0.82,0.82,0,,
2026-09-16,612935001,2.95,2.95,0,,
2026-09-16,612935005,2.95,2.95,0,,
2026-09-16,616473001,1.99,1.99,0,,
2026-09-16,616473002,1.99,1.99,0,,
2026-09-16,616473004,1.99,1.99,0,,
2026-09-16,618211001,1.89,1.89,0,,
2026-09-16,618211003,1.89,1.89,0,,
2026-09-16,621000001,1.99,1.99,0,,
2026-09-16,621000002,1.99,1.99,0,,
2026-09-16,621000003,1.99,1.99,0,,
2026-09-16,622605001,1.69,1.69,0,,
2026-09-16,622605002,1.69,1.69,0,,
2026-09-16,622605004,1.69,1.69,0,,
2026-09-16,622641001,1.79,1.79,0,,
2026-09-16,622641003,1.79,1.79,0,,
2026-09-16,622641004,1.79,1.79,0,,
2026-09-16,623222001,0.75,0.75,0,,
2026-09-16,623222003,0.75,0.75,0,,
2026-09-16,625658001,4.95,4.95,0,,
2026-09-16,625658002,4.95,4.95,0,,
2026-09-16,625926001,2.75,2.75,0,,
2026-09-16,625926002,2.75,2.75,0,,
2026-09-16,629964001,4.39,4.39,0,,
2026-09-16,629964002,4.39,4.39,0,,
2026-09-16,630488002,2.65,2.65,0,,
2026-09-16,630488003,2.65,2.65,0,,
2026-09-16,630494001,0.95,0.95,0,,
2026-09-16,630494002,0.95,0.95,0,,
2026-09-16,630904001,1.29,1.29,0,,
2026-09-16,630904002,1.29,1.29,0,,
2026-09-16,630904003,1.29,1.29,0,,
2026-09-16,631195001,0.97,0.97,0,,
2026-09-16,631195002,0.97,0.97,0,,
2026-09-16,631195003,0.97,0.97,0,,
2026-09-16,631644001,2.15,2.15,0,,
2026-09-16,631644002,2.15,2.15,0,,
2026-09-16,631644003,2.15,2.15,0,,
2026-09-16,632130001,1.19,1.19,0,,
2026-09-16,632130002,1.19,1.19,0,,
2026-09-16,632441001,1.19,1.19,0,,
2026-09-16,632441002,1.19,1.19,0,,
2026-09-16,634208001,1.85,1.85,0,,
2026-09-16,634208002,1.85,1.85,0,,
2026-09-16,634208003,1.85,1.85,0,,
2026-09-16,634491001,0.36,0.36,0,,
2026-09-16,634491002,0.36,0.36,0,,
2026-09-16,634491003,0.36,0.36,0,,
2026-09-16,634524001,1.79,1.79,0,,
2026-09-16,634524002,1.79,1.79,0,,
2026-09-16,635532001,3.29,3.29,0,,
2026-09-16,635532002,3.29,3.29,0,,
2026-09-16,635532003,3.29,3.29,0,,
2026-09-16,635667001,2.59,2.59,0,,
2026-09-16,635667002,2.59,2.59,0,,
2026-09-16,635994001,2.75,2.75,0,,
2026-09-16,635994002,2.75,2.75,0,,
2026-09-16,635994003,2.75,2.75,0,,
2026-09-16,636199001,1.25,1.25,0,,
2026-09-16,636199002,1.25,1.25,0,,
2026-09-16,638935001,1.29,1.29,0,,
2026-09-16,638935002,1.29,1.29,0,,
2026-09-16,638975001,1.25,1.25,0,,
2026-09-16,638975002,1.25,1.25,0,,
2026-09-16,639502001,2.99,2.99,0,,
2026-09-16,639502002,2.99,2.99,0,,
2026-09-16,642129001,4.19,4.19,0,,
2026-09-16,642129003,4.19,4.19,0,,
2026-09-16,642129004,4.19,4.19,0,,
2026-09-16,646844001,1.69,1.69,0,,
2026-09-16,646844002,1.69,1.69,0,,
2026-09-16,647158001,1.49,1.49,0,,
2026-09-16,647650,9.95,9.95,0,,
2026-09-16,648651002,4.99,4.99,0,,
2026-09-16,648651003,4.99,4.99,0,,
2026-09-16,648670002,4.99,4.99,0,,
2026-09-16,648670003,4.99,4.99,0,,
2026-09-16,648683002,3.99,3.99,0,,
2026-09-16,648683003,3.99,3.99,0,,
2026-09-16,648847004,4.39,4.39,0,,
2026-09-16,650283001,1.99,1.99,0,,
2026-09-16,650283002,1.99,1.99,0,,
2026-09-16,650833,11.89,11.89,0,,
2026-09-16,651608001,2.89,2.89,0,,
2026-09-16,651608002,2.89,2.89,0,,
2026-09-16,651608003,2.89,2.89,0,,
2026-09-16,652217001,0.95,0.95,0,,
2026-09-16,652217002,0.95,0.95,0,,
2026-09-16,652217003,0.95,0.95,0,,
2026-09-16,652217004,0.95,0.95,0,,
2026-09-16,653357001,1.99,1.99,0,,
2026-09-16,653357002,1.99,1.99,0,,
2026-09-16,653691001,4.39,4.39,0,,
2026-09-16,653691002,4.39,4.39,0,,
2026-09-16,653691003,4.39,4.39,0,,
2026-09-16,655543001,2.49,2.49,0,,
2026-09-16,655543002,2.49,2.49,0,,
2026-09-16,657094,0.99,0.99,0,,
2026-09-16,657163001,0.59,0.59,0,,
2026-09-16,657163002,0.59,0.59,0,,
2026-09-16,660348001,1.95,1.95,0,,
2026-09-16,660348002,1.95,1.95,0,,
2026-09-16,661601,1.99,1.99,0,,
2026-09-16,662982001,1.55,1.55,0,,
2026-09-16,662982002,1.55,1.55,0,,
2026-09-16,662982003,1.55,1.55,0,,
2026-09-16,663694003,2.49,2.49,0,,
2026-09-16,663815001,1.99,1.99,0,,
2026-09-16,663815002,1.99,1.99,0,,
2026-09-16,664094001,3.69,3.69,0,,
2026-09-16,664094002,3.69,3.69,0,,
2026-09-16,664094003,3.69,3.69,0,,
2026-09-16,664351001,1.95,1.95,0,,
2026-09-16,664351002,1.95,1.95,0,,
2026-09-16,664351003,1.95,1.95,0,,
2026-09-16,665431001,2.69,2.69,0,,
2026-09-16,666025001,5.95,5.95,0,,
2026-09-16,666025002,5.95,5.95,0,,
2026-09-16,667204001,2.45,2.45,0,,
2026-09-16,667204002,2.45,2.45,0,,
2026-09-16,667204003,2.45,2.45,0,,
2026-09-16,667204004,2.45,2.45,0,,
2026-09-16,668087002,0.83,0.83,0,,
2026-09-16,668087003,0.83,0.83,0,,
2026-09-16,668087004,0.83,0.83,0,,
2026-09-16,668330001,2.99,2.99,0,,
2026-09-16,668351001,5.49,5.49,0,,
2026-09-16,669844,3.95,3.95,0,,
2026-09-16,669863,7.95,7.95,0,,
2026-09-16,675392001,1.79,1.79,0,,
2026-09-16,675392002,1.79,1.79,0,,
2026-09-16,675392003,1.79,1.79,0,,
2026-09-16,675392004,1.79,1.79,0,,
2026-09-16,676235001,2.99,2.99,0,,
2026-09-16,676235003,2.99,2.99,0,,
2026-09-16,676235004,2.99,2.99,0,,
2026-09-16,681238,14.99,14.99,0,,
2026-09-16,681664,1.99,1.99,0,,
2026-09-16,685239001,2.15,2.15,0,,
2026-09-16,685239002,2.15,2.15,0,,
2026-09-16,687535001,1.19,1.19,0,,
2026-09-16,688214001,2.65,2.65,0,,
2026-09-16,688214002,2.65,2.65,0,,
2026-09-16,688226001,5.37,5.37,0,,
2026-09-16,688226002,5.37,5.37,0,,
2026-09-16,689612001,2.99,2.99,0,,
2026-09-16,690452001,0.71,0.71,0,,
2026-09-16,690452002,0.71,0.71,0,,
2026-09-16,690452003,0.71,0.71,0,,
2026-09-16,690917,2.99,2.99,0,,
2026-09-16,690920001,1.55,1.55,0,,
2026-09-16,690920002,1.55,1.55,0,,
2026-09-16,693232001,2.99,2.99,0,,
2026-09-16,693232002,2.99,2.99,0,,
2026-09-16,693232004,2.99,2.99,0,,
2026-09-16,693704001,3.49,3.49,0,,
2026-09-16,693704002,3.49,3.49,0,,
2026-09-16,694460,1.19,1.19,0,,
2026-09-16,695026001,1.29,1.29,0,,
2026-09-16,695026002,1.29,1.29,0,,
2026-09-16,696566001,8.49,8.49,0,,
2026-09-16,696566002,8.49,8.49,0,,
2026-09-16,696566003,8.49,8.49,0,,
2026-09-16,696566004,8.49,8.49,0,,
2026-09-16,697760001,0.49,0.49,0,,
2026-09-16,697760002,0.49,0.49,0,,
2026-09-16,699690001,5.99,5.99,0,,
2026-09-16,699690002,5.99,5.99,0,,
2026-09-16,700345001,9.99,9.99,0,,
2026-09-16,700345002,9.99,9.99,0,,
2026-09-16,700346002,1.89,1.89,0,,
2026-09-16,704433001,2.29,2.29,0,,
2026-09-16,705074,9.99,9.99,0,,
2026-09-16,706292001,3.29,3.29,0,,
2026-09-16,706292002,3.29,3.29,0,,
2026-09-16,706292004,3.29,3.29,0,,
2026-09-16,708782001,9.89,9.89,0,,
2026-09-16,708782002,9.89,9.89,0,,
2026-09-16,709106002,9.99,9.99,0,,
2026-09-16,709407001,1.99,1.99,0,,
2026-09-16,709407002,1.99,1.99,0,,
2026-09-16,709622001,1.69,1.69,0,,
2026-09-16,709622002,1.69,1.69,0,,
2026-09-16,709622003,1.69,1.69,0,,
2026-09-16,713202001,0.45,0.45,0,,
2026-09-16,713202002,0.45,0.45,0,,
2026-09-16,713202003,0.45,0.45,0,,
2026-09-16,714729,6.99,6.99,0,,
2026-09-16,721654001,7.75,7.75,0,,
2026-09-16,721691001,2.29,2.29,0,,
2026-09-16,721691002,2.29,2.29,0,,
2026-09-16,721691003,2.29,2.29,0,,
2026-09-16,721691004,2.29,2.29,0,,
2026-09-16,721872,14.99,14.99,0,,
2026-09-16,722800001,1.68,1.68,0,,
2026-09-16,722800002,1.68,1.68,0,,
2026-09-16,722800003,1.68,1.68,0,,
2026-09-16,722800004,1.68,1.68,0,,
2026-09-16,722994001,3.49,3.49,0,,
2026-09-16,722994002,3.49,3.49,0,,
2026-09-16,723366001,3.99,3.99,0,,
2026-09-16,723366002,3.99,3.99,0,,
2026-09-16,723371001,4.49,4.49,0,,
2026-09-16,723371002,4.49,4.49,0,,
2026-09-16,723376001,5.49,5.49,0,,
2026-09-16,723376002,5.49,5.49,0,,
2026-09-16,723487,4.99,4.99,0,,
2026-09-16,723918,3.99,3.99,0,,
2026-09-16,724462001,2.29,2.29,0,,
2026-09-16,724462002,2.29,2.29,0,,
2026-09-16,724462003,2.29,2.29,0,,
2026-09-16,724567,9.99,9.99,0,,
2026-09-16,724752001,1.29,1.29,0,,
2026-09-16,724752002,1.29,1.29,0,,
2026-09-16,724752003,1.29,1.29,0,,
2026-09-16,724752004,1.29,1.29,0,,
2026-09-16,724774,9.99,9.99,0,,
2026-09-16,725095001,1.99,1.99,0,,
2026-09-16,725095002,1.99,1.99,0,,
2026-09-16,725436002,0.48,0.48,0,,
2026-09-16,725436003,0.48,0.48,0,,
2026-09-16,725436004,0.48,0.48,0,,
2026-09-16,725476001,0.36,0.36,0,,
2026-09-16,725476002,0.36,0.36,0,,
2026-09-16,725476004,0.36,0.36,0,,
2026-09-16,726037001,1.89,1.89,0,,
2026-09-16,726037002,1.89,1.89,0,,
2026-09-16,726055002,1.89,1.89,0,,
2026-09-16,726469001,2.99,2.99,0,,
2026-09-16,726469002,2.99,2.99,0,,
2026-09-16,726469003,2.99,2.99,0,,
2026-09-16,727624001,1.59,1.59,0,,
2026-09-16,727624002,1.59,1.59,0,,
2026-09-16,728342,5.99,5.99,0,,
2026-09-16,729007,2.99,2.99,0,,
2026-09-16,729128,24.99,24.99,0,,
2026-09-16,729142,6.99,6.99,0,,
2026-09-16,729478003,7.89,7.89,0,,
2026-09-16,729478004,7.89,7.89,0,,
2026-09-16,729612,9.99,9.99,0,,
2026-09-16,730066,3.49,3.49,0,,
2026-09-16,730229002,0.99,0.99,0,,
2026-09-16,730368,19.99,19.99,0,,
2026-09-16,730377,17.99,17.99,0,,
2026-09-16,730597,1.99,1.99,0,,
2026-09-16,730809,7.99,7.99,0,,
2026-09-16,730909,7.99,7.99,0,,
2026-09-16,731018,8.99,8.99,0,,
2026-09-16,731032,9.99,9.99,0,,
2026-09-16,731170,2.99,2.99,0,,
2026-09-16,731247001,2.69,2.69,0,,
2026-09-16,731247002,2.69,2.69,0,,
2026-09-16,731734,4.99,4.99,0,,
2026-09-16,7319021588161430229348,12.99,12.99,0,,
2026-09-16,7319021588161430229353,12.99,12.99,0,,
2026-09-16,732938001,2.29,2.29,0,,
2026-09-16,732938002,2.29,2.29,0,,
2026-09-16,732938003,2.29,2.29,0,,
2026-09-16,734073,4.99,4.99,0,,
2026-09-16,734107,9.99,9.99,0,,
2026-09-16,734119,26.99,26.99,0,,
2026-09-16,734262002,1.19,1.19,0,,
2026-09-16,734262003,1.19,1.19,0,,
2026-09-16,734417,9.99,9.99,0,,
2026-09-16,734714001,9.39,9.39,0,,
2026-09-16,734714002,9.39,9.39,0,,
2026-09-16,734714003,9.39,9.39,0,,
2026-09-16,734944,14.99,14.99,0,,
2026-09-16,735070,7.99,7.99,0,,
2026-09-16,735296,7.99,7.99,0,,
2026-09-16,735477,19.99,19.99,0,,
2026-09-16,735491,3.99,3.99,0,,
2026-09-16,735575,4.99,4.99,0,,
2026-09-16,735617002,1.99,1.99,0,,
2026-09-16,735617003,1.99,1.99,0,,
2026-09-16,736060001,2.99,2.99,0,,
2026-09-16,736060002,2.99,2.99,0,,
2026-09-16,736590,9.99,9.99,0,,
2026-09-16,736769,5.99,5.99,0,,
2026-09-16,7370941588161430977251,11.99,11.99,0,,
2026-09-16,7370941588161430977246,11.99,11.99,0,,
2026-09-16,737350001,3.49,3.49,0,,
2026-09-16,737350002,3.49,3.49,0,,
2026-09-16,738335,3.99,3.99,0,,
2026-09-16,7389051588161438100065,3.99,3.99,0,,
2026-09-16,739582002,2.79,2.79,0,,
2026-09-16,741043001,1.95,1.95,0,,
2026-09-16,741043002,1.95,1.95,0,,
2026-09-16,741043003,1.95,1.95,0,,
2026-09-16,741327,2.99,2.99,0,,
2026-09-16,741633,9.99,9.99,0,,
2026-09-16,741667001,2.19,2.19,0,,
2026-09-16,741667002,2.19,2.19,0,,
2026-09-16,741824,1.00,1.00,0,,
2026-09-16,741944001,0.99,0.99,0,,
2026-09-16,741944002,0.99,0.99,0,,
2026-09-16,741944003,0.99,0.99,0,,
2026-09-16,742278001,1.09,1.09,0,,
2026-09-16,742278002,1.09,1.09,0,,
2026-09-16,742278003,1.09,1.09,0,,
2026-09-16,742278004,1.09,1.09,0,,
2026-09-16,742278005,1.09,1.09,0,,
2026-09-16,742441001,0.99,0.99,0,,
2026-09-16,742441002,0.99,0.99,0,,
2026-09-16,742481001,7.95,7.95,0,,
2026-09-16,742481002,7.95,7.95,0,,
2026-09-16,742481003,7.95,7.95,0,,
2026-09-16,742598001,3.49,3.49,0,,
2026-09-16,742598002,3.49,3.49,0,,
2026-09-16,742598003,3.49,3.49,0,,
2026-09-16,742598004,3.49,3.49,0,,
2026-09-16,743499001,2.99,2.99,0,,
2026-09-16,743499002,2.99,2.99,0,,
2026-09-16,744825001,3.99,3.99,0,,
2026-09-16,744825002,3.99,3.99,0,,
2026-09-16,7454891588161432000208,3.99,3.99,0,,
2026-09-16,7454891588161432000213,3.99,3.99,0,,
2026-09-16,746037001,5.49,5.49,0,,
2026-09-16,746037002,5.49,5.49,0,,
2026-09-16,746037003,5.49,5.49,0,,
2026-09-16,746233001,1.99,1.99,0,,
2026-09-16,746233002,1.99,1.99,0,,
2026-09-16,746308,19.99,19.99,0,,
2026-09-16,749910001,4.79,4.79,0,,
2026-09-16,749910002,4.79,4.79,0,,
2026-09-16,750580001,11.89,11.89,0,,
2026-09-16,750580002,11.89,11.89,0,,
2026-09-16,750580003,11.89,11.89,0,,
2026-09-16,754481001,4.79,4.79,0,,
2026-09-16,754481002,4.79,4.79,0,,
2026-09-16,756556001,1.89,1.89,0,,
2026-09-16,756569001,3.99,3.99,0,,
2026-09-16,756569002,3.99,3.99,0,,
2026-09-16,760271,6.99,6.99,0,,
2026-09-16,761236001,1.49,1.49,0,,
2026-09-16,762155002,1.19,1.19,0,,
2026-09-16,762155003,1.19,1.19,0,,
2026-09-16,762155004,1.19,1.19,0,,
2026-09-16,762198001,1.99,1.99,0,,
2026-09-16,765415001,1.39,1.39,0,,
2026-09-16,765415002,1.39,1.39,0,,
2026-09-16,782529001,2.95,2.95,0,,
2026-09-16,782529002,2.95,2.95,0,,
